Passenger Email,Travel Insurance?,Purchase Date,Travel Date,Fare Type,Ticket Price,Route,Row_ID,Person
myedwab@vizpainter.com,FALSE,9/21/2022,11/25/2022,Business,172,DAL-ATL,552,Muhammed Yedwab
myedwab@vizpainter.com,FALSE,11/17/2022,11/25/2022,Economy,140,DAL-HOU,552,Muhammed Yedwab
ncarroll@vizpainter.com,FALSE,11/17/2022,11/26/2022,Economy,134,DAL-MDW,555,Nat Carroll
ncarroll@vizpainter.com,FALSE,10/28/2022,11/26/2022,Economy,122,DAL-AUS,555,Nat Carroll
ncarroll@vizpainter.com,FALSE,11/9/2022,11/26/2022,Economy,89,DAL-LGA,555,Nat Carroll
ncarroll@vizpainter.com,FALSE,10/21/2022,11/26/2022,Economy,91,DAL-ELP,555,Nat Carroll
ncarroll@vizpainter.com,FALSE,11/11/2022,11/26/2022,Economy,72,DAL-LGA,555,Nat Carroll
ncarroll@vizpainter.com,FALSE,11/6/2022,11/26/2022,Economy,85,DAL-ATL,555,Nat Carroll
nfritzler@vizpainter.com,TRUE,8/15/2022,11/24/2022,Economy,111,DAL-SEA,558,Natalie Fritzler
nfritzler@vizpainter.com,FALSE,11/9/2022,11/24/2022,Economy,158,DAL-ELP,558,Natalie Fritzler
nfritzler@vizpainter.com,FALSE,10/29/2022,11/24/2022,First Class,277,DAL-ELP,558,Natalie Fritzler
nfritzler@vizpainter.com,FALSE,10/24/2022,11/24/2022,Economy,147,DAL-LGA,558,Natalie Fritzler
nwebber@vizpainter.com,FALSE,2/4/2022,3/13/2022,Economy,140,DAL-LGA,559,Natalie Webber
nwebber@vizpainter.com,FALSE,2/12/2022,3/13/2022,Economy,93,DAL-HOU,559,Natalie Webber
nmautz@vizpainter.com,FALSE,8/16/2022,10/21/2022,Economy,91,DAL-HOU,562,Nathan Mautz
nmautz@vizpainter.com,TRUE,9/20/2022,10/21/2022,Economy,134,DAL-AUS,562,Nathan Mautz
nmautz@vizpainter.com,FALSE,9/27/2022,10/21/2022,Business,158,DAL-AUS,562,Nathan Mautz
nmautz@vizpainter.com,FALSE,9/6/2022,10/21/2022,Economy,97,DAL-AUS,562,Nathan Mautz
nducich@vizpainter.com,FALSE,2/9/2022,3/22/2022,Economy,76,DAL-PHX,563,Neil Ducich
nfranzösisch@vizpainter.com,FALSE,3/24/2022,4/18/2022,Economy,104,DAL-LAS,564,Neil Französisch
nknudson@vizpainter.com,FALSE,1/4/2022,2/13/2022,Economy,69,DAL-PHX,565,Neil Knudson
nschneider@vizpainter.com,FALSE,10/1/2022,11/11/2022,First Class,271,DAL-HOU,566,Neola Schneider
nschneider@vizpainter.com,FALSE,7/25/2022,11/11/2022,First Class,276,DAL-MDW,566,Neola Schneider
nzandusky@vizpainter.com,FALSE,8/19/2022,11/6/2022,First Class,238,DAL-SEA,570,Nick Zandusky
nzandusky@vizpainter.com,FALSE,8/21/2022,11/6/2022,Economy,146,DAL-LGA,570,Nick Zandusky
nzandusky@vizpainter.com,TRUE,8/24/2022,11/6/2022,Economy,157,DAL-LAS,570,Nick Zandusky
nzandusky@vizpainter.com,FALSE,7/1/2022,11/6/2022,Economy,126,DAL-GRR,570,Nick Zandusky
nfjeld@vizpainter.com,TRUE,4/15/2022,4/26/2022,Economy,79,DAL-OKC,572,Nicole Fjeld
nfjeld@vizpainter.com,FALSE,1/4/2022,1/28/2022,First Class,253,DAL-ELP,572,Nicole Fjeld
nchilds@vizpainter.com,FALSE,3/17/2022,5/7/2022,Economy,143,DAL-AUS,574,Noah Childs
nbalk@vizpainter.com,FALSE,8/16/2022,9/5/2022,Economy,75,DAL-PHX,576,Nona Balk
nbalk@vizpainter.com,FALSE,8/27/2022,9/5/2022,Economy,136,DAL-HOU,576,Nona Balk
npaige@vizpainter.com,TRUE,6/30/2022,9/7/2022,First Class,202,DAL-SEA,577,Nora Paige
npaige@vizpainter.com,TRUE,8/21/2022,9/7/2022,Economy,137,DAL-AUS,577,Nora Paige
npaige@vizpainter.com,FALSE,8/4/2022,9/7/2022,Economy,153,DAL-MDW,577,Nora Paige
npaige@vizpainter.com,FALSE,5/28/2022,9/7/2022,Economy,126,DAL-OKC,577,Nora Paige
npaige@vizpainter.com,FALSE,8/10/2022,9/7/2022,Economy,117,DAL-LAS,577,Nora Paige
npaige@vizpainter.com,TRUE,7/10/2022,9/7/2022,Economy,96,DAL-MDW,577,Nora Paige
,FALSE,9/19/2022,10/24/2022,Economy,105,DAL-OKC,580,Odella Nelson
pcoakley@vizpainter.com,TRUE,7/20/2022,9/22/2022,Business,114,DAL-SEA,582,Pamela Coakley
pnorris@vizpainter.com,FALSE,4/29/2022,6/14/2022,Economy,146,DAL-AUS,584,Parhena Norris
pnorris@vizpainter.com,TRUE,4/25/2022,6/14/2022,Economy,152,DAL-TUL,584,Parhena Norris
pbzostek@vizpainter.com,TRUE,10/20/2022,11/14/2022,Business,114,DAL-AUS,586,Patrick Bzostek
pbzostek@vizpainter.com,FALSE,10/25/2022,11/14/2022,Economy,93,DAL-HOU,586,Patrick Bzostek
pbzostek@vizpainter.com,FALSE,9/14/2022,11/14/2022,Economy,125,DAL-SEA,586,Patrick Bzostek
pbzostek@vizpainter.com,FALSE,10/8/2022,11/14/2022,Economy,82,DAL-GRR,586,Patrick Bzostek
pbzostek@vizpainter.com,FALSE,11/1/2022,11/14/2022,First Class,275,DAL-PHX,586,Patrick Bzostek
pbzostek@vizpainter.com,TRUE,10/23/2022,11/14/2022,Business,102,DAL-AUS,586,Patrick Bzostek
pbzostek@vizpainter.com,FALSE,10/6/2022,11/14/2022,Economy,100,DAL-OKC,586,Patrick Bzostek
pbzostek@vizpainter.com,FALSE,8/6/2022,11/14/2022,Economy,153,DAL-AUS,586,Patrick Bzostek
pbzostek@vizpainter.com,FALSE,10/14/2022,11/14/2022,Economy,104,DAL-LGA,586,Patrick Bzostek
po'brill@vizpainter.com,TRUE,10/24/2022,11/12/2022,Business,136,DAL-AUS,589,Patrick O'Brill
po'donnell@vizpainter.com,FALSE,5/14/2022,6/17/2022,Business,157,DAL-ATL,590,Patrick O'Donnell
po'donnell@vizpainter.com,FALSE,5/7/2022,6/17/2022,Economy,104,DAL-LGA,590,Patrick O'Donnell
po'donnell@vizpainter.com,FALSE,5/9/2022,6/17/2022,Economy,120,DAL-OKC,590,Patrick O'Donnell
po'donnell@vizpainter.com,FALSE,4/7/2022,6/17/2022,First Class,281,DAL-ATL,590,Patrick O'Donnell
pgonzalez@vizpainter.com,TRUE,7/3/2022,9/28/2022,Business,89,DAL-ATL,592,Paul Gonzalez
pknutson@vizpainter.com,FALSE,11/27/2022,12/11/2022,Economy,147,DAL-PHX,593,Paul Knutson
tbutterfield@vizpainter.com,FALSE,8/10/2022,8/17/2022,Economy,142,DAL-ELP,736,Ted Butterfield
tbutterfield@vizpainter.com,FALSE,2/17/2022,3/3/2022,Economy,131,DAL-CLE,736,Ted Butterfield
tbutterfield@vizpainter.com,FALSE,7/13/2022,8/17/2022,Economy,118,DAL-HOU,736,Ted Butterfield
tbutterfield@vizpainter.com,FALSE,1/2/2022,3/3/2022,Economy,88,DAL-OKC,736,Ted Butterfield
tpippenger@vizpainter.com,FALSE,8/7/2022,9/11/2022,Economy,86,DAL-HOU,741,Theone Pippenger
tswint@vizpainter.com,FALSE,4/8/2022,5/12/2022,Economy,117,DAL-AUS,743,Theresa Swint
tseio@vizpainter.com,TRUE,3/29/2022,4/27/2022,Economy,66,DAL-MDW,746,Thomas Seio
tthornton@vizpainter.com,FALSE,2/21/2022,3/16/2022,Economy,153,DAL-PHX,747,Thomas Thornton
tthornton@vizpainter.com,TRUE,3/7/2022,3/16/2022,Economy,107,DAL-GRR,747,Thomas Thornton
tbrockman@vizpainter.com,FALSE,10/6/2022,11/29/2022,Economy,116,DAL-GRR,749,Tim Brockman
ttaslimi@vizpainter.com,FALSE,5/10/2022,6/4/2022,Economy,158,DAL-ATL,750,Tim Taslimi
tgnade@vizpainter.com,FALSE,5/7/2022,9/1/2022,Economy,88,DAL-LGA,753,Toby Gnade
tgnade@vizpainter.com,FALSE,8/4/2022,9/1/2022,Economy,133,DAL-ATL,753,Toby Gnade
tgnade@vizpainter.com,FALSE,4/9/2022,5/15/2022,Economy,71,DAL-ATL,753,Toby Gnade
tritter@vizpainter.com,FALSE,7/30/2022,9/10/2022,Economy,77,DAL-HOU,754,Toby Ritter
tritter@vizpainter.com,FALSE,8/25/2022,9/10/2022,Business,114,DAL-HOU,754,Toby Ritter
tswindell@vizpainter.com,TRUE,12/23/2021,3/17/2022,Economy,125,DAL-PHX,755,Toby Swindell
tswindell@vizpainter.com,FALSE,11/15/2021,3/17/2022,Business,85,DAL-HOU,755,Toby Swindell
tturnell@vizpainter.com,TRUE,10/3/2022,11/8/2022,Economy,140,DAL-HOU,762,Tonja Turnell
tturnell@vizpainter.com,FALSE,10/9/2022,11/8/2022,Economy,146,DAL-AUS,762,Tonja Turnell
tturnell@vizpainter.com,FALSE,10/19/2022,11/8/2022,Economy,144,DAL-HOU,762,Tonja Turnell
tturnell@vizpainter.com,FALSE,10/11/2022,11/8/2022,Economy,67,DAL-GRR,762,Tonja Turnell
tturnell@vizpainter.com,FALSE,10/17/2022,11/8/2022,Economy,150,DAL-AUS,762,Tonja Turnell
tturnell@vizpainter.com,TRUE,9/9/2022,11/8/2022,Economy,125,DAL-ELP,762,Tonja Turnell
tturnell@vizpainter.com,FALSE,10/3/2022,11/8/2022,Economy,140,DAL-AUS,762,Tonja Turnell
tchapman@vizpainter.com,FALSE,2/14/2022,4/9/2022,Economy,111,DAL-SFO,763,Tony Chapman
tsayre@vizpainter.com,FALSE,3/11/2022,4/12/2022,Economy,120,DAL-LGA,765,Tony Sayre
tsayre@vizpainter.com,FALSE,1/31/2022,4/12/2022,Business,173,DAL-HOU,765,Tony Sayre
tsayre@vizpainter.com,FALSE,2/10/2022,4/12/2022,Economy,86,DAL-LAS,765,Tony Sayre
tblumstein@vizpainter.com,TRUE,5/29/2022,7/8/2022,Business,155,DAL-PHX,766,Tracy Blumstein
tblumstein@vizpainter.com,FALSE,5/19/2022,7/8/2022,Economy,82,DAL-AUS,766,Tracy Blumstein
pmacintyre@vizpainter.com,TRUE,6/19/2022,7/21/2022,Economy,151,DAL-MDW,595,Paul MacIntyre
pprost@vizpainter.com,FALSE,7/30/2022,9/28/2022,Economy,147,DAL-LAS,596,Paul Prost
pprost@vizpainter.com,FALSE,9/2/2022,9/28/2022,Economy,63,DAL-MDW,596,Paul Prost
pwebber@vizpainter.com,FALSE,8/19/2022,9/2/2022,Business,102,DAL-LGA,601,Pauline Webber
pwebber@vizpainter.com,FALSE,7/17/2022,9/2/2022,Economy,150,DAL-HOU,601,Pauline Webber
pwebber@vizpainter.com,TRUE,8/6/2022,9/2/2022,Economy,93,DAL-AUS,601,Pauline Webber
parmstrong@vizpainter.com,FALSE,2/26/2022,3/25/2022,Economy,91,DAL-LGA,603,Pete Armstrong
pbühler@vizpainter.com,FALSE,12/18/2022,12/27/2022,Economy,147,DAL-ATL,606,Peter Bühler
pmcvee@vizpainter.com,TRUE,11/12/2022,12/7/2022,Economy,75,DAL-OKC,608,Peter McVee
pbrown@vizpainter.com,FALSE,11/12/2022,11/26/2022,Economy,111,DAL-HOU,609,Philip Brown
pfox@vizpainter.com,FALSE,2/16/2022,3/24/2022,Economy,154,DAL-SLC,610,Philip Fox
pbreyer@vizpainter.com,TRUE,10/20/2022,11/20/2022,Economy,70,DAL-AMA,613,Phillip Breyer
pwener@vizpainter.com,TRUE,6/29/2022,7/18/2022,Economy,117,DAL-ELP,615,Pierre Wener
qjones@vizpainter.com,FALSE,2/12/2022,3/8/2022,Economy,126,DAL-SEA,616,Quincy Jones
rpayne@vizpainter.com,FALSE,7/9/2022,8/27/2022,First Class,268,DAL-ELP,617,Rachel Payne
rpayne@vizpainter.com,FALSE,6/20/2022,8/27/2022,Economy,79,DAL-AUS,617,Rachel Payne
rritter@vizpainter.com,FALSE,7/22/2022,9/21/2022,Business,149,DAL-LAS,620,Ralph Ritter
rritter@vizpainter.com,TRUE,5/31/2022,9/21/2022,Business,173,DAL-AUS,620,Ralph Ritter
rritter@vizpainter.com,FALSE,6/25/2022,9/21/2022,Economy,105,DAL-MDW,620,Ralph Ritter
rritter@vizpainter.com,FALSE,6/14/2022,7/21/2022,Economy,147,DAL-CLE,620,Ralph Ritter
rritter@vizpainter.com,FALSE,9/10/2022,9/21/2022,First Class,265,DAL-HOU,620,Ralph Ritter
rferguson@vizpainter.com,FALSE,5/31/2022,7/14/2022,Business,154,DAL-LGA,622,Randy Ferguson
rpölking@vizpainter.com,FALSE,6/17/2022,7/11/2022,Economy,124,DAL-OKC,625,Resi Pölking
rhansen@vizpainter.com,TRUE,9/14/2022,11/19/2022,First Class,268,DAL-SEA,632,Rick Hansen
rhuthwaite@vizpainter.com,FALSE,4/7/2022,7/28/2022,Economy,130,DAL-GRR,633,Rick Huthwaite
rbeeghly@vizpainter.com,FALSE,11/25/2022,12/19/2022,Business,121,DAL-SLC,637,Rob Beeghly
rbeeghly@vizpainter.com,FALSE,10/31/2022,12/19/2022,Business,135,DAL-HOU,637,Rob Beeghly
rdowd@vizpainter.com,FALSE,5/6/2022,5/31/2022,First Class,259,DAL-HOU,638,Rob Dowd
rhaberlin@vizpainter.com,FALSE,12/13/2022,12/28/2022,Business,155,DAL-OKC,639,Rob Haberlin
rhaberlin@vizpainter.com,FALSE,11/2/2022,12/28/2022,Economy,85,DAL-HOU,639,Rob Haberlin
rhaberlin@vizpainter.com,FALSE,11/19/2022,12/28/2022,Economy,110,DAL-OKC,639,Rob Haberlin
,FALSE,10/18/2022,11/23/2022,Economy,123,DAL-GRR,642,Robert Barroso
rwaldorf@vizpainter.com,FALSE,6/14/2022,7/31/2022,Economy,132,DAL-LAS,645,Robert Waldorf
rwaldorf@vizpainter.com,FALSE,5/21/2022,7/31/2022,Business,84,DAL-OKC,645,Robert Waldorf
rwaldorf@vizpainter.com,TRUE,4/15/2022,7/31/2022,Economy,105,DAL-HOU,645,Robert Waldorf
rwaldorf@vizpainter.com,FALSE,7/9/2022,7/31/2022,Economy,68,DAL-OKC,645,Robert Waldorf
rbarcio@vizpainter.com,FALSE,5/20/2022,7/9/2022,Economy,87,DAL-PHX,646,Roger Barcio
rbarcio@vizpainter.com,FALSE,6/27/2022,7/9/2022,Business,149,DAL-ATL,646,Roger Barcio
rcollins@vizpainter.com,TRUE,5/19/2022,6/15/2022,Economy,146,DAL-AMA,654,Roy Collins
rcollins@vizpainter.com,FALSE,5/23/2022,6/15/2022,Economy,147,DAL-HOU,654,Roy Collins
rcollins@vizpainter.com,FALSE,4/1/2022,6/15/2022,First Class,240,DAL-OKC,654,Roy Collins
rcollins@vizpainter.com,FALSE,4/23/2022,6/15/2022,Economy,65,DAL-PHX,654,Roy Collins
rcollins@vizpainter.com,FALSE,3/28/2022,6/15/2022,Economy,130,DAL-MDW,654,Roy Collins
rfranzösisch@vizpainter.com,TRUE,9/28/2022,11/21/2022,Economy,130,DAL-LGA,655,Roy Französisch
rphan@vizpainter.com,FALSE,11/27/2022,12/24/2022,Economy,139,DAL-LGA,656,Roy Phan
rskaria@vizpainter.com,FALSE,7/3/2022,9/23/2022,Economy,140,DAL-CLE,657,Roy Skaria
rskaria@vizpainter.com,FALSE,8/1/2022,9/23/2022,Economy,152,DAL-HOU,657,Roy Skaria
rapplegate@vizpainter.com,FALSE,9/27/2022,11/7/2022,First Class,308,DAL-ATL,660,Russell Applegate
rcrowe@vizpainter.com,TRUE,7/29/2022,8/27/2022,Economy,98,DAL-HOU,663,Ryan Crowe
smatthias@vizpainter.com,FALSE,9/8/2022,9/28/2022,First Class,289,DAL-PHX,666,Sally Matthias
smatthias@vizpainter.com,TRUE,10/23/2022,11/13/2022,Economy,136,DAL-HOU,666,Sally Matthias
smatthias@vizpainter.com,FALSE,10/2/2022,11/13/2022,Economy,77,DAL-HOU,666,Sally Matthias
smatthias@vizpainter.com,FALSE,8/19/2022,9/28/2022,Economy,122,DAL-ATL,666,Sally Matthias
sflanagan@vizpainter.com,FALSE,9/4/2022,10/3/2022,Economy,134,DAL-HOU,670,Sandra Flanagan
sglassco@vizpainter.com,FALSE,10/28/2022,12/5/2022,Economy,86,DAL-LAS,671,Sandra Glassco
sglassco@vizpainter.com,FALSE,7/26/2022,12/5/2022,First Class,225,DAL-HOU,671,Sandra Glassco
schand@vizpainter.com,FALSE,10/16/2022,12/2/2022,Economy,99,DAL-HOU,672,Sanjit Chand
sfoster@vizpainter.com,FALSE,10/17/2022,11/22/2022,Business,136,DAL-ATL,679,Sarah Foster
sfoster@vizpainter.com,FALSE,10/24/2022,11/22/2022,Economy,129,DAL-AUS,679,Sarah Foster
sfoster@vizpainter.com,FALSE,10/16/2022,11/22/2022,Economy,72,DAL-LAS,679,Sarah Foster
sfoster@vizpainter.com,FALSE,10/18/2022,11/22/2022,Business,118,DAL-SEA,679,Sarah Foster
scoram,FALSE,3/19/2022,3/30/2022,Business,143,DAL-MDW,681,Scot Coram
scoram,FALSE,4/10/2022,4/26/2022,Economy,103,DAL-HOU,681,Scot Coram
scoram,FALSE,3/28/2022,4/26/2022,Economy,157,DAL-MDW,681,Scot Coram
scoram,FALSE,3/27/2022,4/26/2022,Business,82,DAL-GRR,681,Scot Coram
swooten@vizpainter.com,FALSE,11/30/2022,12/13/2022,Business,80,DAL-AUS,682,Scot Wooten
swooten@vizpainter.com,FALSE,11/30/2022,12/13/2022,Business,140,DAL-SLC,682,Scot Wooten
swooten@vizpainter.com,FALSE,10/26/2022,12/13/2022,Business,147,DAL-ATL,682,Scot Wooten
smiller@vizpainter.com,FALSE,9/29/2022,10/29/2022,Economy,101,DAL-AUS,687,Sean Miller
scollister@vizpainter.com,FALSE,7/28/2022,9/2/2022,Economy,139,DAL-HOU,691,Shahid Collister
scollister@vizpainter.com,FALSE,7/19/2022,9/2/2022,Economy,148,DAL-ELP,691,Shahid Collister
jocampo@vizpainter.com,FALSE,3/27/2022,4/27/2022,Economy,109,DAL-HOU,369,Jesus Ocampo
jfjeld@vizpainter.com,FALSE,4/9/2022,6/11/2022,Economy,102,DAL-SEA,370,Jill Fjeld
jfjeld@vizpainter.com,TRUE,5/14/2022,6/11/2022,Economy,149,DAL-MDW,370,Jill Fjeld
jfjeld@vizpainter.com,TRUE,5/24/2022,6/11/2022,Business,161,DAL-ATL,370,Jill Fjeld
jmatthias@vizpainter.com,FALSE,4/2/2022,4/13/2022,Economy,135,DAL-AUS,371,Jill Matthias
jmatthias@vizpainter.com,FALSE,3/7/2022,4/13/2022,Economy,155,DAL-AMA,371,Jill Matthias
jmatthias@vizpainter.com,FALSE,4/4/2022,4/13/2022,Economy,62,DAL-ATL,371,Jill Matthias
jmatthias@vizpainter.com,FALSE,2/25/2022,4/13/2022,Economy,128,DAL-ELP,371,Jill Matthias
jstevenson@vizpainter.com,TRUE,3/24/2022,5/4/2022,Economy,104,DAL-HOU,372,Jill Stevenson
jepp@vizpainter.com,FALSE,1/19/2022,4/29/2022,Economy,121,DAL-HOU,373,Jim Epp
jepp@vizpainter.com,FALSE,4/6/2022,4/29/2022,Business,132,DAL-PHX,373,Jim Epp
jepp@vizpainter.com,FALSE,3/7/2022,4/29/2022,Economy,104,DAL-HOU,373,Jim Epp
jkarlsson@vizpainter.com,FALSE,3/16/2022,4/2/2022,Economy,104,DAL-HOU,374,Jim Karlsson
jkarlsson@vizpainter.com,FALSE,3/4/2022,4/2/2022,Economy,157,DAL-HOU,374,Jim Karlsson
jkarlsson@vizpainter.com,FALSE,11/24/2021,4/2/2022,Economy,106,DAL-AUS,374,Jim Karlsson
jkarlsson@vizpainter.com,TRUE,3/23/2022,4/2/2022,Business,103,DAL-OKC,374,Jim Karlsson
jkriz@vizpainter.com,FALSE,9/26/2022,12/16/2022,Business,141,DAL-PHX,375,Jim Kriz
jkriz@vizpainter.com,FALSE,11/2/2022,12/16/2022,First Class,287,DAL-ELP,375,Jim Kriz
jmitchum@vizpainter.com,FALSE,2/14/2022,4/21/2022,Economy,63,DAL-ELP,376,Jim Mitchum
jradford@vizpainter.com,FALSE,10/13/2022,11/1/2022,Economy,82,DAL-MDW,377,Jim Radford
jradford@vizpainter.com,FALSE,9/18/2022,11/1/2022,Economy,139,DAL-GRR,377,Jim Radford
jelijah@vizpainter.com,FALSE,5/16/2022,8/1/2022,Business,135,DAL-MDW,380,Joe Elijah
jkamberova@vizpainter.com,FALSE,11/26/2021,1/4/2022,Economy,147,DAL-HOU,381,Joe Kamberova
jdryer@vizpainter.com,FALSE,9/18/2022,12/12/2022,Economy,88,DAL-HOU,385,John Dryer
jgrady@vizpainter.com,FALSE,4/7/2022,5/23/2022,Economy,105,DAL-MDW,386,John Grady
jlucas@vizpainter.com,FALSE,9/27/2022,10/27/2022,Business,120,DAL-PHX,389,John Lucas
jmurray@vizpainter.com,FALSE,7/12/2022,9/21/2022,Economy,90,DAL-PHX,390,John Murray
jmurray@vizpainter.com,FALSE,8/23/2022,9/21/2022,Economy,138,DAL-ATL,390,John Murray
jmurray@vizpainter.com,FALSE,8/18/2022,9/21/2022,Economy,126,DAL-AUS,390,John Murray
jwasserman@vizpainter.com,FALSE,7/27/2022,10/1/2022,First Class,277,DAL-ATL,396,Joni Wasserman
jairdo@vizpainter.com,FALSE,10/13/2022,12/30/2022,Economy,64,DAL-AUS,397,Joseph Airdo
jbell-@vizpainter.com,TRUE,7/13/2022,9/11/2022,Economy,148,DAL-HOU,399,Joy Bell-
jbell-@vizpainter.com,FALSE,7/3/2022,9/11/2022,Economy,115,DAL-AMA,399,Joy Bell-
jsmith@vizpainter.com,FALSE,8/24/2022,9/11/2022,Economy,117,DAL-PHX,401,Joy Smith
jsmith@vizpainter.com,TRUE,8/14/2022,9/11/2022,Business,95,DAL-ATL,401,Joy Smith
jsmith@vizpainter.com,FALSE,9/21/2022,12/12/2022,Business,144,DAL-GRR,401,Joy Smith
jsmith@vizpainter.com,FALSE,11/6/2022,12/12/2022,Economy,148,DAL-ATL,401,Joy Smith
jdunbar@vizpainter.com,TRUE,3/24/2022,6/19/2022,Business,86,DAL-AUS,403,Julia Dunbar
jdunbar@vizpainter.com,FALSE,12/13/2021,1/3/2022,Economy,99,DAL-HOU,403,Julia Dunbar
jdunbar@vizpainter.com,FALSE,12/1/2021,1/3/2022,Economy,103,DAL-HOU,403,Julia Dunbar
jdunbar@vizpainter.com,FALSE,9/29/2021,1/3/2022,First Class,217,DAL-HOU,403,Julia Dunbar
jdunbar@vizpainter.com,FALSE,12/4/2021,1/3/2022,Economy,93,DAL-HOU,403,Julia Dunbar
jwest@vizpainter.com,TRUE,10/30/2022,11/18/2022,Economy,113,DAL-HOU,404,Julia West
jkrohn@vizpainter.com,FALSE,2/15/2022,6/2/2022,Business,81,DAL-AUS,405,Juliana Krohn
jkrohn@vizpainter.com,FALSE,5/17/2022,6/2/2022,Economy,92,DAL-LAS,405,Juliana Krohn
jcreighton@vizpainter.com,TRUE,7/23/2022,9/6/2022,Economy,157,DAL-OKC,406,Julie Creighton
jcreighton@vizpainter.com,FALSE,7/28/2022,9/6/2022,Economy,124,DAL-ATL,406,Julie Creighton
jcreighton@vizpainter.com,TRUE,5/26/2022,6/6/2022,Economy,143,DAL-AUS,406,Julie Creighton
jprescott@vizpainter.com,FALSE,10/17/2022,12/31/2022,First Class,227,DAL-HOU,408,Julie Prescott
jdeggeller@vizpainter.com,FALSE,4/15/2022,5/4/2022,Economy,145,DAL-OKC,409,Justin Deggeller
jellison@vizpainter.com,FALSE,8/29/2022,9/28/2022,Economy,110,DAL-HOU,410,Justin Ellison
jellison@vizpainter.com,FALSE,8/8/2022,9/28/2022,Economy,85,DAL-AUS,410,Justin Ellison
jmackendrick@vizpainter.com,FALSE,5/9/2022,6/30/2022,Economy,103,DAL-LAS,412,Justin MacKendrick
jmackendrick@vizpainter.com,FALSE,5/29/2022,7/22/2022,Economy,90,DAL-LAS,412,Justin MacKendrick
jmackendrick@vizpainter.com,TRUE,6/8/2022,6/30/2022,Business,120,DAL-AUS,412,Justin MacKendrick
kbern@vizpainter.com,FALSE,10/21/2022,12/16/2022,Economy,66,DAL-LGA,415,Karen Bern
kcarlisle@vizpainter.com,FALSE,6/19/2022,7/18/2022,Economy,92,DAL-PHX,416,Karen Carlisle
kferguson@vizpainter.com,FALSE,7/3/2022,8/6/2022,Economy,76,DAL-OKC,418,Karen Ferguson
kferguson@vizpainter.com,FALSE,6/20/2022,8/6/2022,Economy,102,DAL-GRR,418,Karen Ferguson
kferguson@vizpainter.com,FALSE,7/9/2022,8/6/2022,Economy,124,DAL-PHX,418,Karen Ferguson
kferguson@vizpainter.com,FALSE,7/26/2022,8/6/2022,Economy,89,DAL-PHX,418,Karen Ferguson
kseio@vizpainter.com,FALSE,10/22/2022,11/13/2022,Economy,95,DAL-OKC,419,Karen Seio
kseio@vizpainter.com,FALSE,9/11/2022,11/13/2022,Economy,145,DAL-HOU,419,Karen Seio
kbraun@vizpainter.com,FALSE,10/9/2022,11/5/2022,Economy,61,DAL-AMA,420,Karl Braun
kbraun@vizpainter.com,TRUE,8/13/2022,11/5/2022,Economy,159,DAL-PHX,420,Karl Braun
schance@vizpainter.com,FALSE,7/6/2022,9/20/2022,Economy,126,DAL-OKC,695,Shaun Chance
schance@vizpainter.com,FALSE,9/6/2022,9/20/2022,Business,137,DAL-LAS,695,Shaun Chance
schance@vizpainter.com,TRUE,8/18/2022,9/20/2022,Economy,67,DAL-ATL,695,Shaun Chance
sdaniels@vizpainter.com,TRUE,7/2/2022,7/23/2022,Business,83,DAL-LGA,698,Shirley Daniels
sjackson@vizpainter.com,FALSE,8/5/2022,9/23/2022,Economy,120,DAL-AUS,699,Shirley Jackson
stom@vizpainter.com,FALSE,2/25/2022,4/21/2022,First Class,259,DAL-ELP,701,Shui Tom
stom@vizpainter.com,FALSE,2/25/2022,4/14/2022,Economy,142,DAL-HOU,701,Shui Tom
stom@vizpainter.com,FALSE,3/14/2022,4/14/2022,Economy,60,DAL-PHX,701,Shui Tom
snorling@vizpainter.com,FALSE,7/4/2022,7/17/2022,Economy,151,DAL-ELP,703,Skye Norling
snorling@vizpainter.com,FALSE,5/30/2022,7/17/2022,Economy,78,DAL-ATL,703,Skye Norling
snorling@vizpainter.com,FALSE,6/17/2022,7/17/2022,First Class,241,DAL-ELP,703,Skye Norling
snorling@vizpainter.com,FALSE,6/28/2022,7/17/2022,Economy,82,DAL-HOU,703,Skye Norling
snorling@vizpainter.com,FALSE,5/13/2022,7/17/2022,Economy,99,DAL-MDW,703,Skye Norling
snorling@vizpainter.com,FALSE,6/24/2022,7/17/2022,Economy,73,DAL-HOU,703,Skye Norling
sgoranitis@vizpainter.com,FALSE,6/26/2022,9/1/2022,Business,118,DAL-SLC,706,Speros Goranitis
sgoranitis@vizpainter.com,FALSE,6/18/2022,9/1/2022,Economy,75,DAL-AUS,706,Speros Goranitis
sgoranitis@vizpainter.com,FALSE,8/7/2022,9/1/2022,First Class,299,DAL-ELP,706,Speros Goranitis
sgoranitis@vizpainter.com,FALSE,6/14/2022,9/1/2022,Economy,159,DAL-AUS,706,Speros Goranitis
sgoranitis@vizpainter.com,FALSE,8/15/2022,9/1/2022,Economy,151,DAL-HOU,706,Speros Goranitis
sgoranitis@vizpainter.com,FALSE,5/28/2022,9/1/2022,Economy,125,DAL-PHX,706,Speros Goranitis
sgoranitis@vizpainter.com,FALSE,4/9/2022,6/18/2022,Economy,85,DAL-AUS,706,Speros Goranitis
sgoranitis@vizpainter.com,FALSE,4/29/2022,6/18/2022,Economy,98,DAL-AUS,706,Speros Goranitis
sgoranitis@vizpainter.com,FALSE,5/13/2022,6/18/2022,First Class,211,DAL-ATL,706,Speros Goranitis
sgoranitis@vizpainter.com,FALSE,2/12/2022,6/18/2022,Economy,135,DAL-HOU,706,Speros Goranitis
sgoranitis@vizpainter.com,TRUE,5/1/2022,6/18/2022,Economy,117,DAL-LAS,706,Speros Goranitis
sgoranitis@vizpainter.com,FALSE,4/18/2022,6/18/2022,Economy,67,DAL-LGA,706,Speros Goranitis
sgoranitis@vizpainter.com,FALSE,5/28/2022,6/18/2022,Economy,84,DAL-MDW,706,Speros Goranitis
sphelps@vizpainter.com,TRUE,8/3/2022,10/13/2022,Economy,77,DAL-HOU,709,Stephanie Phelps
sulpright@vizpainter.com,TRUE,2/25/2022,3/25/2022,Economy,141,DAL-LGA,710,Stephanie Ulpright
sulpright@vizpainter.com,FALSE,4/3/2022,6/1/2022,Economy,89,DAL-AUS,710,Stephanie Ulpright
sulpright@vizpainter.com,FALSE,3/17/2022,6/1/2022,Economy,70,DAL-HOU,710,Stephanie Ulpright
sulpright@vizpainter.com,TRUE,4/3/2022,6/1/2022,Economy,152,DAL-AUS,710,Stephanie Ulpright
sulpright@vizpainter.com,TRUE,4/24/2022,6/1/2022,Business,109,DAL-OKC,710,Stephanie Ulpright
scarroll@vizpainter.com,FALSE,9/4/2022,11/25/2022,First Class,247,DAL-ATL,711,Steve Carroll
scarroll@vizpainter.com,FALSE,10/17/2022,11/25/2022,Economy,96,DAL-HOU,711,Steve Carroll
scarroll@vizpainter.com,FALSE,9/16/2022,11/25/2022,Economy,66,DAL-OKC,711,Steve Carroll
schapman@vizpainter.com,FALSE,3/23/2022,4/19/2022,Business,104,DAL-MDW,712,Steve Chapman
sroelle@vizpainter.com,TRUE,4/29/2022,5/10/2022,Economy,101,DAL-AUS,715,Steven Roelle
sroelle@vizpainter.com,TRUE,10/20/2021,1/5/2022,Economy,113,DAL-HOU,715,Steven Roelle
sroelle@vizpainter.com,FALSE,12/11/2021,1/5/2022,Economy,62,DAL-OKC,715,Steven Roelle
sward@vizpainter.com,FALSE,10/12/2022,12/1/2022,Economy,106,DAL-HOU,716,Steven Ward
svisinsky@vizpainter.com,TRUE,5/6/2022,6/12/2022,Economy,145,DAL-TUL,718,Stewart Visinsky
svan@vizpainter.com,FALSE,9/25/2022,11/22/2022,Economy,69,DAL-PHX,720,Stuart Van
svan@vizpainter.com,FALSE,10/30/2022,11/22/2022,Economy,63,DAL-GRR,720,Stuart Van
schung@vizpainter.com,FALSE,9/27/2022,11/17/2022,Economy,159,DAL-HOU,722,Sung Chung
schung@vizpainter.com,FALSE,10/9/2022,11/17/2022,Economy,70,DAL-HOU,722,Sung Chung
smackendrick@vizpainter.com,FALSE,5/11/2022,5/31/2022,Economy,91,DAL-GRR,726,Susan MacKendrick
smackendrick@vizpainter.com,FALSE,4/28/2022,5/31/2022,Economy,82,DAL-ATL,726,Susan MacKendrick
sfoulston@vizpainter.com,FALSE,3/11/2022,4/29/2022,Economy,91,DAL-HOU,730,Sylvia Foulston
sfoulston@vizpainter.com,TRUE,2/28/2022,4/29/2022,Economy,134,DAL-OKC,730,Sylvia Foulston
sfoulston@vizpainter.com,FALSE,4/3/2022,4/29/2022,Economy,71,DAL-GRR,730,Sylvia Foulston
sfoulston@vizpainter.com,TRUE,3/6/2022,4/29/2022,Economy,169,DAL-SLC,730,Sylvia Foulston
sfoulston@vizpainter.com,FALSE,3/1/2022,4/29/2022,Economy,123,DAL-CLE,730,Sylvia Foulston
tdahlen@vizpainter.com,TRUE,7/19/2022,8/31/2022,Economy,117,DAL-HOU,732,Tamara Dahlen
tdahlen@vizpainter.com,FALSE,7/3/2022,8/31/2022,Economy,66,DAL-HOU,732,Tamara Dahlen
tdahlen@vizpainter.com,FALSE,8/12/2022,8/31/2022,Economy,102,DAL-ELP,732,Tamara Dahlen
kwillman@vizpainter.com,TRUE,8/25/2022,9/14/2022,Economy,66,DAL-PHX,428,Katrina Willman
kwillman@vizpainter.com,TRUE,8/20/2022,9/14/2022,First Class,276,DAL-SLC,428,Katrina Willman
knguyen@vizpainter.com,TRUE,10/10/2022,10/31/2022,Economy,71,DAL-OKC,429,Kean Nguyen
kthornton@vizpainter.com,FALSE,9/19/2022,11/26/2022,Economy,156,DAL-OKC,431,Kean Thornton
kthornton@vizpainter.com,TRUE,12/25/2021,1/15/2022,Economy,111,DAL-PHX,431,Kean Thornton
kthornton@vizpainter.com,FALSE,11/7/2021,1/15/2022,Economy,70,DAL-LGA,431,Kean Thornton
kdawkins@vizpainter.com,FALSE,6/20/2022,7/27/2022,Economy,87,DAL-ELP,432,Keith Dawkins
kherrera@vizpainter.com,FALSE,10/28/2022,11/15/2022,Economy,139,DAL-HOU,433,Keith Herrera
kherrera@vizpainter.com,FALSE,10/15/2022,11/15/2022,Economy,66,DAL-GRR,433,Keith Herrera
kandreada@vizpainter.com,FALSE,7/25/2022,8/12/2022,Business,137,DAL-AUS,434,Kelly Andreada
klampkin@vizpainter.com,TRUE,7/3/2022,8/5/2022,Economy,129,DAL-HOU,436,Kelly Lampkin
klampkin@vizpainter.com,FALSE,6/25/2022,8/5/2022,Economy,149,DAL-PHX,436,Kelly Lampkin
klampkin@vizpainter.com,FALSE,7/1/2022,8/5/2022,Economy,102,DAL-HOU,436,Kelly Lampkin
klampkin@vizpainter.com,FALSE,5/4/2022,5/27/2022,Economy,131,DAL-TUL,436,Kelly Lampkin
kbrennan@vizpainter.com,FALSE,10/27/2022,12/25/2022,Economy,70,DAL-OKC,439,Ken Brennan
kbrennan@vizpainter.com,FALSE,10/11/2022,12/25/2022,Economy,126,DAL-OKC,439,Ken Brennan
kdana@vizpainter.com,FALSE,5/4/2022,5/24/2022,Business,158,DAL-LAS,440,Ken Dana
kheidel@vizpainter.com,FALSE,9/30/2022,10/23/2022,Economy,86,DAL-ATL,441,Ken Heidel
kcarter@vizpainter.com,FALSE,10/10/2022,11/5/2022,First Class,290,DAL-OKC,444,Kimberly Carter
khastings@vizpainter.com,TRUE,10/31/2022,12/13/2022,Economy,64,DAL-PHX,445,Kristen Hastings
khastings@vizpainter.com,FALSE,11/30/2022,12/13/2022,Economy,129,DAL-LGA,445,Kristen Hastings
khastings@vizpainter.com,TRUE,11/15/2022,12/13/2022,Economy,65,DAL-GRR,445,Kristen Hastings
ltron@vizpainter.com,FALSE,8/19/2022,10/3/2022,First Class,255,DAL-HOU,450,Larry Tron
larmstrong@vizpainter.com,FALSE,12/8/2021,1/5/2022,Economy,145,DAL-MDW,451,Laura Armstrong
lelliston@vizpainter.com,FALSE,6/17/2022,7/23/2022,Economy,98,DAL-MDW,453,Laurel Elliston
lelliston@vizpainter.com,TRUE,6/1/2022,7/23/2022,Economy,85,DAL-HOU,453,Laurel Elliston
lelliston@vizpainter.com,TRUE,6/17/2022,7/23/2022,Economy,105,DAL-LAS,453,Laurel Elliston
lelliston@vizpainter.com,FALSE,4/30/2022,7/23/2022,Economy,105,DAL-MDW,453,Laurel Elliston
lelliston@vizpainter.com,FALSE,3/18/2022,7/23/2022,Business,148,DAL-LAS,453,Laurel Elliston
lelliston@vizpainter.com,TRUE,9/15/2022,10/1/2022,Business,97,DAL-SEA,453,Laurel Elliston
lworkman@vizpainter.com,TRUE,5/31/2022,8/4/2022,Economy,144,DAL-HOU,454,Laurel Workman
lleatherbury@vizpainter.com,FALSE,9/4/2022,11/23/2022,Economy,107,DAL-OKC,455,Lauren Leatherbury
lleatherbury@vizpainter.com,TRUE,10/11/2022,11/23/2022,Business,168,DAL-OKC,455,Lauren Leatherbury
lleatherbury@vizpainter.com,FALSE,10/19/2022,11/23/2022,Economy,86,DAL-ELP,455,Lauren Leatherbury
lcastell@vizpainter.com,FALSE,8/28/2022,9/22/2022,First Class,300,DAL-HOU,463,Lindsay Castell
ldecherney@vizpainter.com,FALSE,7/20/2022,11/17/2022,Economy,109,DAL-MDW,466,Lisa DeCherney
ldecherney@vizpainter.com,FALSE,10/23/2022,11/17/2022,Economy,146,DAL-LAS,466,Lisa DeCherney
lcarlisle@vizpainter.com,TRUE,6/15/2022,7/17/2022,First Class,286,DAL-OKC,469,Liz Carlisle
lcarlisle@vizpainter.com,FALSE,11/14/2022,11/28/2022,Economy,63,DAL-HOU,469,Liz Carlisle
lcarlisle@vizpainter.com,TRUE,10/7/2022,11/28/2022,Economy,141,DAL-TUL,469,Liz Carlisle
lcarlisle@vizpainter.com,FALSE,11/12/2022,11/28/2022,First Class,210,DAL-AUS,469,Liz Carlisle
lcarlisle@vizpainter.com,FALSE,10/31/2022,11/28/2022,Economy,81,DAL-HOU,469,Liz Carlisle
lpelletier@vizpainter.com,TRUE,10/1/2022,12/28/2022,Business,126,DAL-ELP,471,Liz Pelletier
lthompson@vizpainter.com,TRUE,1/29/2022,2/26/2022,Economy,88,DAL-HOU,473,Liz Thompson
lthompson@vizpainter.com,TRUE,1/12/2022,2/26/2022,Economy,149,DAL-MDW,473,Liz Thompson
lthompson@vizpainter.com,FALSE,12/13/2021,2/26/2022,Economy,148,DAL-HOU,473,Liz Thompson
lthompson@vizpainter.com,FALSE,12/24/2021,2/26/2022,Economy,139,DAL-LGA,473,Liz Thompson
lwillingham@vizpainter.com,FALSE,11/3/2022,12/19/2022,Business,97,DAL-OKC,474,Liz Willingham
lhaushalter@vizpainter.com,FALSE,12/12/2022,12/30/2022,Economy,117,DAL-ATL,476,Logan Haushalter
lhaushalter@vizpainter.com,FALSE,11/21/2022,12/30/2022,Economy,91,DAL-GRR,476,Logan Haushalter
lhaushalter@vizpainter.com,FALSE,11/22/2022,12/30/2022,Economy,111,DAL-CLE,476,Logan Haushalter
lhaushalter@vizpainter.com,FALSE,11/27/2022,12/30/2022,Economy,114,DAL-LAS,476,Logan Haushalter
lhaushalter@vizpainter.com,TRUE,12/6/2022,12/30/2022,Economy,169,DAL-SLC,476,Logan Haushalter
lhaushalter@vizpainter.com,FALSE,11/29/2022,12/30/2022,Economy,112,DAL-PHX,476,Logan Haushalter
lhaushalter@vizpainter.com,TRUE,2/13/2022,3/17/2022,Economy,123,DAL-AUS,476,Logan Haushalter
lschmidt@vizpainter.com,FALSE,1/16/2022,4/2/2022,Economy,136,DAL-LAS,479,Luke Schmidt
lschmidt@vizpainter.com,FALSE,2/28/2022,4/5/2022,Economy,105,DAL-PHX,479,Luke Schmidt
lschmidt@vizpainter.com,FALSE,2/10/2022,4/2/2022,Economy,150,DAL-AUS,479,Luke Schmidt
lschmidt@vizpainter.com,FALSE,3/3/2022,4/5/2022,Business,103,DAL-AUS,479,Luke Schmidt
lschmidt@vizpainter.com,FALSE,3/2/2022,4/2/2022,Economy,151,DAL-PHX,479,Luke Schmidt
mmorse@vizpainter.com,TRUE,11/23/2022,12/18/2022,Economy,82,DAL-MDW,483,Magdelene Morse
mmorse@vizpainter.com,FALSE,11/6/2022,12/18/2022,Economy,106,DAL-OKC,483,Magdelene Morse
mmorse@vizpainter.com,FALSE,10/17/2022,12/18/2022,Business,159,DAL-PHX,483,Magdelene Morse
mmorse@vizpainter.com,FALSE,11/21/2022,12/18/2022,First Class,272,DAL-ATL,483,Magdelene Morse
mmorse@vizpainter.com,FALSE,10/30/2022,12/1/2022,Economy,108,DAL-ELP,483,Magdelene Morse
mharrigan@vizpainter.com,TRUE,4/19/2022,6/30/2022,Economy,62,DAL-CLE,485,Marc Harrigan
mbertelson@vizpainter.com,FALSE,7/27/2022,9/10/2022,Economy,102,DAL-GRR,486,Maria Bertelson
metezadi@vizpainter.com,FALSE,1/19/2022,3/10/2022,Economy,67,DAL-ATL,487,Maria Etezadi
mpacker@vizpainter.com,FALSE,10/8/2022,11/11/2022,Business,88,DAL-HOU,497,Mark Packer
mvan@vizpainter.com,FALSE,9/14/2022,10/21/2022,Economy,126,DAL-CLE,498,Mark Van Huff
mvan@vizpainter.com,FALSE,10/2/2022,10/21/2022,Economy,97,DAL-ELP,498,Mark Van Huff
mvan@vizpainter.com,FALSE,9/21/2022,10/21/2022,Economy,85,DAL-HOU,498,Mark Van Huff
mvan@vizpainter.com,FALSE,9/4/2022,10/21/2022,Economy,134,DAL-MDW,498,Mark Van Huff
mzewe@vizpainter.com,TRUE,8/1/2022,9/9/2022,Business,172,DAL-LGA,500,Mary Zewe
mreese@vizpainter.com,FALSE,7/22/2022,8/8/2022,Economy,100,DAL-CLE,502,Mathew Reese
mreese@vizpainter.com,FALSE,7/12/2022,8/8/2022,Business,129,DAL-SEA,502,Mathew Reese
mreese@vizpainter.com,TRUE,5/31/2022,8/8/2022,Economy,159,DAL-OKC,502,Mathew Reese
mreese@vizpainter.com,FALSE,7/19/2022,8/8/2022,Business,126,DAL-SEA,502,Mathew Reese
mcollister@vizpainter.com,TRUE,9/4/2022,9/25/2022,Economy,104,DAL-OKC,505,Matt Collister
mcollister@vizpainter.com,FALSE,6/29/2022,9/25/2022,Economy,150,DAL-LAS,505,Matt Collister
mclasen@vizpainter.com,FALSE,2/26/2022,3/16/2022,Economy,63,DAL-LAS,508,Matthew Clasen
mfritzler@vizpainter.com,FALSE,8/31/2022,10/4/2022,Economy,138,DAL-AMA,510,Maureen Fritzler
mfritzler@vizpainter.com,FALSE,8/28/2022,9/9/2022,Economy,121,DAL-ELP,510,Maureen Fritzler
mfritzler@vizpainter.com,FALSE,7/31/2022,9/9/2022,Business,98,DAL-LGA,510,Maureen Fritzler
mgastineau@vizpainter.com,FALSE,7/31/2022,9/4/2022,Business,158,DAL-PHX,511,Maureen Gastineau
mengle@vizpainter.com,FALSE,8/6/2022,10/14/2022,Economy,91,DAL-PHX,514,Max Engle
mo'connel@vizpainter.com,TRUE,5/14/2022,5/26/2022,Economy,60,DAL-LAS,519,Meg O'Connel
mo'connel@vizpainter.com,FALSE,10/11/2022,11/19/2022,Economy,102,DAL-HOU,519,Meg O'Connel
mo'connel@vizpainter.com,FALSE,5/13/2022,5/26/2022,Economy,79,DAL-LGA,519,Meg O'Connel
mo'connel@vizpainter.com,TRUE,8/31/2022,11/19/2022,Economy,156,DAL-LGA,519,Meg O'Connel
mo'connel@vizpainter.com,FALSE,4/6/2022,5/26/2022,Economy,93,DAL-AUS,519,Meg O'Connel
mo'connel@vizpainter.com,FALSE,5/6/2022,5/26/2022,Economy,138,DAL-AUS,519,Meg O'Connel
mo'connel@vizpainter.com,TRUE,10/8/2022,11/19/2022,Economy,105,DAL-HOU,519,Meg O'Connel
mtillman@vizpainter.com,FALSE,8/2/2022,8/30/2022,Economy,156,DAL-AMA,520,Meg Tillman
mtillman@vizpainter.com,FALSE,8/3/2022,8/30/2022,Economy,159,DAL-CLE,520,Meg Tillman
mtillman@vizpainter.com,FALSE,6/25/2022,8/30/2022,Business,153,DAL-GRR,520,Meg Tillman
mtillman@vizpainter.com,TRUE,8/10/2022,8/30/2022,Economy,101,DAL-LAS,520,Meg Tillman
mtillman@vizpainter.com,FALSE,8/2/2022,8/30/2022,Economy,154,DAL-TUL,520,Meg Tillman
mtillman@vizpainter.com,FALSE,8/16/2022,8/30/2022,Economy,73,DAL-AUS,520,Meg Tillman
mdominguez@vizpainter.com,TRUE,4/23/2022,7/29/2022,Economy,157,DAL-MDW,523,Michael Dominguez
mdominguez@vizpainter.com,FALSE,7/19/2022,7/29/2022,Business,153,DAL-SLC,523,Michael Dominguez
mdominguez@vizpainter.com,FALSE,7/15/2022,7/29/2022,Economy,71,DAL-AUS,523,Michael Dominguez
mkennedy@vizpainter.com,FALSE,10/15/2022,12/1/2022,Economy,104,DAL-PHX,526,Michael Kennedy
carntzen@vizpainter.com,FALSE,3/26/2022,5/24/2022,Economy,81,DAL-HOU,184,Cynthia Arntzen
carntzen@vizpainter.com,FALSE,7/22/2022,9/19/2022,Economy,70,DAL-AUS,184,Cynthia Arntzen
cvoltz@vizpainter.com,FALSE,2/19/2022,5/1/2022,Economy,146,DAL-LAS,186,Cynthia Voltz
dreichenbach@vizpainter.com,TRUE,10/6/2022,11/15/2022,Economy,139,DAL-ATL,191,Dan Reichenbach
dbyrd@vizpainter.com,FALSE,12/2/2021,1/13/2022,Economy,98,DAL-PHX,193,Daniel Byrd
dbyrd@vizpainter.com,TRUE,10/26/2021,1/13/2022,Economy,74,DAL-AUS,193,Daniel Byrd
dbyrd@vizpainter.com,FALSE,12/27/2021,1/13/2022,Economy,121,DAL-AUS,193,Daniel Byrd
dmedina@vizpainter.com,FALSE,5/11/2022,6/27/2022,Economy,141,DAL-GRR,196,Dario Medina
dpowers@vizpainter.com,TRUE,7/18/2022,8/28/2022,Economy,70,DAL-LAS,199,Darren Powers
dmartin@vizpainter.com,FALSE,9/25/2022,11/24/2022,Economy,131,DAL-MDW,200,Darrin Martin
dmartin@vizpainter.com,TRUE,10/18/2022,11/24/2022,First Class,304,DAL-HOU,200,Darrin Martin
dmartin@vizpainter.com,FALSE,7/30/2022,11/24/2022,Economy,103,DAL-MDW,200,Darrin Martin
dflashing@vizpainter.com,FALSE,12/21/2021,3/1/2022,Business,167,DAL-GRR,208,David Flashing
dphilippe@vizpainter.com,FALSE,10/23/2022,12/13/2022,Economy,84,DAL-AMA,210,David Philippe
dphilippe@vizpainter.com,FALSE,11/5/2022,12/13/2022,Economy,133,DAL-MDW,210,David Philippe
dsmith@vizpainter.com,FALSE,8/4/2022,11/1/2022,First Class,250,DAL-ATL,211,David Smith
dwiener@vizpainter.com,FALSE,9/1/2022,10/8/2022,Economy,80,DAL-TUL,212,David Wiener
dwiener@vizpainter.com,FALSE,11/28/2021,1/21/2022,Economy,134,DAL-LGA,212,David Wiener
dwiener@vizpainter.com,FALSE,11/30/2021,1/1/2022,Economy,105,DAL-ATL,212,David Wiener
dwiener@vizpainter.com,FALSE,11/30/2021,1/1/2022,Economy,83,DAL-PHX,212,David Wiener
dwiener@vizpainter.com,FALSE,12/1/2021,1/1/2022,Economy,95,DAL-AUS,212,David Wiener
dwiener@vizpainter.com,FALSE,12/9/2021,1/1/2022,Economy,61,DAL-ELP,212,David Wiener
dbraden@vizpainter.com,TRUE,3/14/2022,4/12/2022,Economy,64,DAL-LAS,213,Dean Braden
dpercer@vizpainter.com,TRUE,8/24/2022,9/7/2022,Economy,81,DAL-AUS,215,Dean percer
dpercer@vizpainter.com,FALSE,6/20/2022,9/7/2022,Economy,151,DAL-AMA,215,Dean percer
dpercer@vizpainter.com,TRUE,8/18/2022,9/7/2022,Economy,77,DAL-PHX,215,Dean percer
dpercer@vizpainter.com,FALSE,6/23/2022,9/7/2022,Economy,131,DAL-HOU,215,Dean percer
deno@vizpainter.com,TRUE,8/11/2022,11/24/2022,Economy,146,DAL-PHX,216,Deanra Eno
deno@vizpainter.com,FALSE,9/21/2022,11/24/2022,Economy,101,DAL-AUS,216,Deanra Eno
dgreer@vizpainter.com,FALSE,3/28/2022,5/21/2022,Economy,116,DAL-AUS,219,Deirdre Greer
dleinenbach@vizpainter.com,FALSE,5/1/2022,5/19/2022,Economy,83,DAL-HOU,221,Denise Leinenbach
dmonton@vizpainter.com,FALSE,5/25/2022,6/24/2022,Economy,86,DAL-AUS,222,Denise Monton
dmonton@vizpainter.com,FALSE,5/20/2022,6/24/2022,Economy,61,DAL-ATL,222,Denise Monton
dkane@vizpainter.com,FALSE,12/9/2021,1/19/2022,Economy,61,DAL-AMA,224,Dennis Kane
dkane@vizpainter.com,FALSE,12/4/2021,1/19/2022,Economy,113,DAL-LGA,224,Dennis Kane
dkane@vizpainter.com,TRUE,11/23/2021,1/19/2022,First Class,264,DAL-ATL,224,Dennis Kane
dblanton@vizpainter.com,FALSE,5/5/2022,7/17/2022,Economy,128,DAL-HOU,226,Denny Blanton
djones@vizpainter.com,FALSE,7/22/2022,8/23/2022,Economy,145,DAL-PHX,233,Don Jones
djones@vizpainter.com,FALSE,9/17/2021,1/12/2022,Economy,110,DAL-ATL,233,Don Jones
dmiller@vizpainter.com,FALSE,1/30/2022,4/6/2022,Economy,122,DAL-ATL,234,Don Miller
dwardle@vizpainter.com,FALSE,3/15/2022,4/13/2022,Business,147,DAL-HOU,238,Dorothy Wardle
dliebe@vizpainter.com,FALSE,8/8/2022,12/7/2022,Economy,134,DAL-MDW,239,Dorris liebe
dbickford@vizpainter.com,FALSE,12/2/2022,12/13/2022,Economy,80,DAL-PHX,240,Doug Bickford
dbickford@vizpainter.com,TRUE,8/30/2022,10/8/2022,Economy,61,DAL-LAS,240,Doug Bickford
djacobs@vizpainter.com,FALSE,9/8/2022,10/24/2022,Economy,141,DAL-OKC,241,Doug Jacobs
djacobs@vizpainter.com,TRUE,2/19/2022,3/1/2022,Economy,119,DAL-HOU,241,Doug Jacobs
djacobs@vizpainter.com,FALSE,4/2/2022,5/24/2022,Economy,88,DAL-AUS,241,Doug Jacobs
djacobs@vizpainter.com,TRUE,3/15/2022,5/24/2022,Economy,96,DAL-MDW,241,Doug Jacobs
dbenoit@vizpainter.com,FALSE,11/4/2022,11/19/2022,Business,148,DAL-OKC,243,Duane Benoit
dbenoit@vizpainter.com,FALSE,9/20/2022,11/19/2022,Economy,61,DAL-LAS,243,Duane Benoit
dbenoit@vizpainter.com,TRUE,7/9/2022,11/19/2022,Economy,89,DAL-SFO,243,Duane Benoit
eludwig@vizpainter.com,FALSE,12/3/2022,12/29/2022,Economy,146,DAL-AMA,248,Ed Ludwig
eludwig@vizpainter.com,FALSE,12/14/2022,12/29/2022,Economy,67,DAL-MDW,248,Ed Ludwig
eludwig@vizpainter.com,FALSE,11/15/2022,12/29/2022,Economy,83,DAL-ATL,248,Ed Ludwig
eludwig@vizpainter.com,TRUE,12/11/2022,12/29/2022,Economy,109,DAL-ATL,248,Ed Ludwig
eludwig@vizpainter.com,FALSE,12/1/2022,12/29/2022,Economy,76,DAL-AUS,248,Ed Ludwig
eludwig@vizpainter.com,FALSE,10/14/2022,12/29/2022,Economy,138,DAL-AUS,248,Ed Ludwig
eludwig@vizpainter.com,FALSE,12/17/2022,12/29/2022,Economy,90,DAL-MDW,248,Ed Ludwig
ebecker@vizpainter.com,FALSE,12/31/2021,1/20/2022,Economy,133,DAL-HOU,249,Edward Becker
ebecker@vizpainter.com,FALSE,12/23/2021,1/20/2022,Economy,136,DAL-LGA,249,Edward Becker
enazzal@vizpainter.com,FALSE,2/14/2022,5/2/2022,Economy,77,DAL-AUS,251,Edward Nazzal
ekiefer@vizpainter.com,FALSE,4/24/2022,5/24/2022,Economy,137,DAL-CLE,252,Eileen Kiefer
ekiefer@vizpainter.com,FALSE,3/20/2022,4/14/2022,Economy,127,DAL-AMA,252,Eileen Kiefer
ekiefer@vizpainter.com,TRUE,3/7/2022,4/14/2022,Economy,81,DAL-HOU,252,Eileen Kiefer
eburns@vizpainter.com,FALSE,2/23/2022,4/26/2022,Economy,99,DAL-OKC,257,Emily Burns
marnett@vizpainter.com,FALSE,6/4/2022,6/16/2022,Economy,154,DAL-OKC,532,Michelle Arnett
marnett@vizpainter.com,FALSE,4/15/2022,6/16/2022,Economy,60,DAL-HOU,532,Michelle Arnett
marnett@vizpainter.com,FALSE,5/8/2022,6/16/2022,Economy,121,DAL-HOU,532,Michelle Arnett
mhuthwaite@vizpainter.com,FALSE,10/23/2022,11/26/2022,Economy,150,DAL-AUS,534,Michelle Huthwaite
mhuthwaite@vizpainter.com,FALSE,10/12/2022,11/26/2022,Economy,122,DAL-AUS,534,Michelle Huthwaite
mhuthwaite@vizpainter.com,FALSE,10/15/2022,11/26/2022,Economy,143,DAL-LGA,534,Michelle Huthwaite
mhuthwaite@vizpainter.com,FALSE,10/25/2022,11/26/2022,Economy,151,DAL-HOU,534,Michelle Huthwaite
mlonsdale@vizpainter.com,TRUE,6/26/2022,10/20/2022,Economy,135,DAL-CLE,535,Michelle Lonsdale
mlonsdale@vizpainter.com,FALSE,9/5/2022,10/20/2022,Economy,113,DAL-AUS,535,Michelle Lonsdale
mlonsdale@vizpainter.com,FALSE,8/3/2022,10/20/2022,Business,113,DAL-LGA,535,Michelle Lonsdale
mlonsdale@vizpainter.com,FALSE,9/14/2022,10/20/2022,Economy,150,DAL-LAS,535,Michelle Lonsdale
mlonsdale@vizpainter.com,FALSE,8/4/2022,10/20/2022,Business,127,DAL-AUS,535,Michelle Lonsdale
mlonsdale@vizpainter.com,FALSE,9/12/2022,10/20/2022,Economy,121,DAL-AMA,535,Michelle Lonsdale
mcaudle@vizpainter.com,FALSE,7/12/2022,7/27/2022,Economy,153,DAL-HOU,541,Mike Caudle
mvittorini@vizpainter.com,FALSE,7/18/2022,9/30/2022,Business,75,DAL-SEA,545,Mike Vittorini
mgastineau@vizpainter.com,FALSE,7/28/2022,10/20/2022,Economy,147,DAL-HOU,546,Mitch Gastineau
mfederle@vizpainter.com,FALSE,9/11/2022,12/28/2022,Economy,140,DAL-HOU,549,Monica Federle
mfederle@vizpainter.com,FALSE,9/30/2022,10/27/2022,Business,150,DAL-AUS,549,Monica Federle
mmacintyre@vizpainter.com,TRUE,10/10/2022,11/24/2022,Business,110,DAL-PHX,551,Muhammed MacIntyre
mmacintyre@vizpainter.com,FALSE,9/4/2022,11/24/2022,Economy,126,DAL-SEA,551,Muhammed MacIntyre
ebarreto@vizpainter.com,FALSE,8/5/2022,8/17/2022,Economy,110,DAL-HOU,261,Eric Barreto
ebarreto@vizpainter.com,TRUE,7/29/2022,8/17/2022,First Class,233,DAL-AUS,261,Eric Barreto
ehoffmann@vizpainter.com,FALSE,9/19/2022,11/8/2022,Economy,109,DAL-CLE,262,Eric Hoffmann
ehoffmann@vizpainter.com,FALSE,10/9/2022,11/8/2022,Economy,147,DAL-HOU,262,Eric Hoffmann
ehoffmann@vizpainter.com,FALSE,10/20/2022,11/8/2022,Economy,132,DAL-HOU,262,Eric Hoffmann
ehoffmann@vizpainter.com,FALSE,10/27/2022,11/8/2022,Business,89,DAL-SEA,262,Eric Hoffmann
ehernandez@vizpainter.com,FALSE,7/7/2022,11/2/2022,Economy,102,DAL-HOU,266,Erica Hernandez
esmith@vizpainter.com,FALSE,8/10/2022,9/10/2022,Economy,150,DAL-GRR,267,Erica Smith
eashbrook@vizpainter.com,FALSE,5/25/2022,6/13/2022,Economy,115,DAL-LGA,268,Erin Ashbrook
ehildebrand@vizpainter.com,FALSE,9/20/2022,11/14/2022,Economy,96,DAL-GRR,274,Eugene Hildebrand
ehildebrand@vizpainter.com,FALSE,9/5/2022,11/14/2022,First Class,220,DAL-HOU,274,Eugene Hildebrand
ehildebrand@vizpainter.com,FALSE,9/17/2022,11/14/2022,First Class,220,DAL-ATL,274,Eugene Hildebrand
ehildebrand@vizpainter.com,FALSE,10/3/2022,11/14/2022,Economy,128,DAL-AMA,274,Eugene Hildebrand
ehildebrand@vizpainter.com,FALSE,10/15/2022,11/14/2022,Economy,132,DAL-AUS,274,Eugene Hildebrand
emoren@vizpainter.com,FALSE,10/25/2021,1/1/2022,Economy,155,DAL-MDW,275,Eugene Moren
ebailliet@vizpainter.com,FALSE,7/29/2022,9/4/2022,Economy,153,DAL-AUS,277,Evan Bailliet
ehenry@vizpainter.com,FALSE,5/23/2022,6/11/2022,First Class,229,DAL-HOU,278,Evan Henry
ehenry@vizpainter.com,FALSE,5/24/2022,6/11/2022,Business,137,DAL-AUS,278,Evan Henry
eminnotte@vizpainter.com,TRUE,11/5/2022,12/13/2022,Economy,81,DAL-SEA,279,Evan Minnotte
eminnotte@vizpainter.com,FALSE,9/2/2022,12/13/2022,Business,159,DAL-SEA,279,Evan Minnotte
fhawley@vizpainter.com,FALSE,10/13/2022,12/12/2022,Economy,133,DAL-ATL,284,Frank Hawley
fhawley@vizpainter.com,FALSE,11/7/2022,12/12/2022,Economy,148,DAL-AUS,284,Frank Hawley
folsen@vizpainter.com,TRUE,8/22/2022,9/12/2022,Economy,110,DAL-PHX,286,Frank Olsen
folsen@vizpainter.com,FALSE,7/22/2022,9/12/2022,Economy,112,DAL-AUS,286,Frank Olsen
fpreis@vizpainter.com,FALSE,11/5/2022,11/28/2022,Economy,67,DAL-MDW,287,Frank Preis
fpreis@vizpainter.com,FALSE,10/4/2022,11/28/2022,Economy,153,DAL-LGA,287,Frank Preis
fchung@vizpainter.com,FALSE,8/5/2022,9/10/2022,Economy,79,DAL-GRR,288,Fred Chung
fchung@vizpainter.com,FALSE,7/14/2022,9/10/2022,Economy,158,DAL-ELP,288,Fred Chung
fhopkins@vizpainter.com,TRUE,11/23/2022,12/9/2022,Economy,124,DAL-OKC,290,Fred Hopkins
fhopkins@vizpainter.com,FALSE,11/27/2022,12/9/2022,Business,172,DAL-PHX,290,Fred Hopkins
fwasserman@vizpainter.com,TRUE,11/22/2022,12/23/2022,Economy,131,DAL-HOU,292,Fred Wasserman
ghwang@vizpainter.com,FALSE,2/24/2022,4/10/2022,Economy,121,DAL-MDW,294,Gary Hwang
gmcgarr@vizpainter.com,TRUE,4/17/2022,7/3/2022,Economy,62,DAL-MDW,295,Gary McGarr
gzandusky@vizpainter.com,FALSE,7/4/2022,9/23/2022,Economy,82,DAL-AUS,297,Gary Zandusky
gzandusky@vizpainter.com,FALSE,8/29/2022,9/23/2022,Business,108,DAL-ATL,297,Gary Zandusky
gzandusky@vizpainter.com,FALSE,7/22/2022,9/23/2022,Business,121,DAL-AUS,297,Gary Zandusky
gzandusky@vizpainter.com,FALSE,8/20/2022,9/23/2022,Economy,156,DAL-HOU,297,Gary Zandusky
gzandusky@vizpainter.com,FALSE,8/17/2022,9/23/2022,Economy,151,DAL-HOU,297,Gary Zandusky
gzrebassa@vizpainter.com,FALSE,5/1/2022,7/6/2022,Economy,67,DAL-AUS,302,George Zrebassa
gzrebassa@vizpainter.com,FALSE,5/22/2022,7/6/2022,Economy,68,DAL-ELP,302,George Zrebassa
gbaptist@vizpainter.com,FALSE,10/14/2022,12/4/2022,Economy,68,DAL-AUS,304,Giulietta Baptist
gkelly@vizpainter.com,FALSE,7/21/2022,10/19/2022,Economy,120,DAL-LGA,307,Grace Kelly
gkelly@vizpainter.com,FALSE,9/12/2022,10/19/2022,Economy,152,DAL-HOU,307,Grace Kelly
gkelly@vizpainter.com,FALSE,10/5/2022,10/19/2022,Business,89,DAL-ATL,307,Grace Kelly
gkelly@vizpainter.com,FALSE,7/23/2022,10/19/2022,Economy,120,DAL-OKC,307,Grace Kelly
gkelly@vizpainter.com,FALSE,9/4/2022,10/19/2022,Economy,90,DAL-AUS,307,Grace Kelly
gmatthias@vizpainter.com,FALSE,12/23/2021,1/26/2022,First Class,277,DAL-HOU,311,Greg Matthias
gmatthias@vizpainter.com,FALSE,11/2/2022,12/22/2022,Economy,150,DAL-CLE,311,Greg Matthias
gmatthias@vizpainter.com,FALSE,11/30/2022,12/22/2022,Economy,79,DAL-OKC,311,Greg Matthias
gmatthias@vizpainter.com,FALSE,11/30/2022,12/22/2022,Economy,134,DAL-AUS,311,Greg Matthias
gmaxwell@vizpainter.com,FALSE,9/4/2022,10/1/2022,Economy,122,DAL-LGA,312,Greg Maxwell
gmaxwell@vizpainter.com,FALSE,8/17/2022,10/1/2022,First Class,304,DAL-AUS,312,Greg Maxwell
garmstrong@vizpainter.com,FALSE,11/21/2022,11/30/2022,Economy,154,DAL-AUS,314,Guy Armstrong
gphonely@vizpainter.com,FALSE,8/31/2022,10/28/2022,Economy,94,DAL-AUS,315,Guy Phonely
gphonely@vizpainter.com,FALSE,9/19/2022,10/28/2022,Economy,97,DAL-OKC,315,Guy Phonely
gphonely@vizpainter.com,FALSE,3/11/2022,4/28/2022,Economy,152,DAL-AUS,315,Guy Phonely
gthornton@vizpainter.com,FALSE,2/23/2022,6/30/2022,Economy,152,DAL-PHX,316,Guy Thornton
gthornton@vizpainter.com,FALSE,9/25/2022,10/6/2022,Economy,138,DAL-AMA,316,Guy Thornton
hdahlen@vizpainter.com,TRUE,8/26/2022,9/23/2022,First Class,306,DAL-HOU,318,Harold Dahlen
hgreene@vizpainter.com,FALSE,8/3/2022,8/22/2022,Economy,141,DAL-GRR,322,Harry Greene
hmarie@vizpainter.com,FALSE,4/13/2022,6/22/2022,Business,129,DAL-AUS,323,Harry Marie
hjas@vizpainter.com,FALSE,7/28/2022,9/9/2022,Economy,78,DAL-ATL,324,Heather Jas
hjas@vizpainter.com,FALSE,8/25/2022,9/9/2022,Economy,119,DAL-ATL,324,Heather Jas
hkirkland@vizpainter.com,FALSE,9/3/2022,11/10/2022,Economy,72,DAL-MDW,325,Heather Kirkland
hkirkland@vizpainter.com,TRUE,11/30/2022,12/10/2022,Economy,150,DAL-HOU,325,Heather Kirkland
handreada@vizpainter.com,FALSE,6/21/2022,7/26/2022,Economy,128,DAL-ATL,327,Helen Andreada
handreada@vizpainter.com,TRUE,5/13/2022,7/26/2022,Business,118,DAL-TUL,327,Helen Andreada
handreada@vizpainter.com,TRUE,6/1/2022,7/26/2022,Economy,148,DAL-GRR,327,Helen Andreada
hzydlo@vizpainter.com,FALSE,5/23/2022,6/12/2022,Business,151,DAL-SEA,329,Henia Zydlo
hgoldwyn@vizpainter.com,FALSE,4/29/2022,5/30/2022,Economy,144,DAL-MDW,330,Henry Goldwyn
hgoldwyn@vizpainter.com,FALSE,5/7/2022,5/30/2022,Economy,72,DAL-OKC,330,Henry Goldwyn
hgoldwyn@vizpainter.com,FALSE,4/6/2022,5/30/2022,Business,173,DAL-AUS,330,Henry Goldwyn
hmacallister@vizpainter.com,FALSE,11/25/2022,12/19/2022,Economy,141,DAL-ATL,331,Henry MacAllister
hholden@vizpainter.com,FALSE,7/10/2022,8/20/2022,Economy,139,DAL-PHX,333,Hilary Holden
imcgrath@vizpainter.com,FALSE,8/25/2022,11/2/2022,Economy,79,DAL-AUS,336,Ionia McGrath
imcgrath@vizpainter.com,FALSE,8/28/2022,11/2/2022,Economy,84,DAL-HOU,336,Ionia McGrath
imcgrath@vizpainter.com,TRUE,9/21/2022,11/2/2022,Economy,130,DAL-OKC,336,Ionia McGrath
imcgrath@vizpainter.com,FALSE,9/2/2022,11/2/2022,Economy,137,DAL-AUS,336,Ionia McGrath
imcgrath@vizpainter.com,TRUE,5/14/2022,9/6/2022,Business,121,DAL-OKC,336,Ionia McGrath
imcgrath@vizpainter.com,FALSE,8/31/2022,11/2/2022,Business,144,DAL-MDW,336,Ionia McGrath
xxx,FALSE,12/7/2022,12/21/2022,Economy,105,DAL-OKC,339,Ivan Liston
jgalang@vizpainter.com,FALSE,10/13/2022,12/5/2022,Economy,113,DAL-PHX,343,James Galang
jgalang@vizpainter.com,TRUE,11/7/2022,12/5/2022,Economy,79,DAL-LAS,343,James Galang
jlanier@vizpainter.com,TRUE,8/10/2022,12/8/2022,Economy,96,DAL-LAS,344,James Lanier
jlanier@vizpainter.com,FALSE,11/4/2022,12/8/2022,Business,135,DAL-PHX,344,James Lanier
jlanier@vizpainter.com,FALSE,9/16/2022,12/8/2022,Economy,97,DAL-PHX,344,James Lanier
jlanier@vizpainter.com,TRUE,11/12/2022,12/8/2022,Economy,134,DAL-HOU,344,James Lanier
jkunitz@vizpainter.com,TRUE,8/25/2022,11/4/2022,Economy,119,DAL-ATL,346,Jamie Kunitz
jwaco@vizpainter.com,FALSE,5/4/2022,7/1/2022,Economy,81,DAL-HOU,347,Jane Waco
jwaco@vizpainter.com,TRUE,5/18/2022,7/1/2022,First Class,275,DAL-HOU,347,Jane Waco
jwaco@vizpainter.com,FALSE,5/24/2022,7/1/2022,Economy,115,DAL-AUS,347,Jane Waco
jmartin@vizpainter.com,FALSE,2/16/2022,5/22/2022,Business,98,DAL-SEA,349,Janet Martin
jmolinari@vizpainter.com,FALSE,8/7/2022,9/16/2022,Economy,70,DAL-AMA,350,Janet Molinari
jmolinari@vizpainter.com,FALSE,9/4/2022,9/16/2022,Business,129,DAL-SFO,350,Janet Molinari
jfortune-@vizpainter.com,FALSE,9/20/2022,12/7/2022,First Class,300,DAL-MDW,352,Jason Fortune-
jgross@vizpainter.com,FALSE,2/4/2022,3/6/2022,Economy,90,DAL-LAS,353,Jason Gross
jgross@vizpainter.com,FALSE,1/11/2022,3/6/2022,Business,179,DAL-AUS,353,Jason Gross
jklamczynski@vizpainter.com,FALSE,5/27/2022,7/1/2022,Economy,101,DAL-MDW,354,Jason Klamczynski
jklamczynski@vizpainter.com,FALSE,6/15/2022,7/1/2022,Economy,155,DAL-ATL,354,Jason Klamczynski
jkimmel@vizpainter.com,FALSE,6/27/2022,11/1/2022,Economy,99,DAL-MDW,357,Jay Kimmel
jkimmel@vizpainter.com,TRUE,6/24/2022,11/1/2022,Economy,138,DAL-PHX,357,Jay Kimmel
ahawkins@vizpainter.com,FALSE,10/24/2022,11/16/2022,Economy,139,DAL-HOU,2,Aaron Hawkins
ahawkins@vizpainter.com,FALSE,6/14/2022,7/16/2022,Economy,65,DAL-MDW,2,Aaron Hawkins
ahawkins@vizpainter.com,FALSE,10/30/2022,11/16/2022,Economy,135,DAL-LGA,2,Aaron Hawkins
ahawkins@vizpainter.com,FALSE,9/17/2022,11/16/2022,Business,139,DAL-AUS,2,Aaron Hawkins
ashillingsburg@vizpainter.com,FALSE,8/6/2022,9/3/2022,Business,107,DAL-LGA,6,Adam Shillingsburg
ashillingsburg@vizpainter.com,FALSE,7/22/2022,9/3/2022,Business,153,DAL-HOU,6,Adam Shillingsburg
ashillingsburg@vizpainter.com,FALSE,6/20/2022,9/3/2022,Economy,76,DAL-AUS,6,Adam Shillingsburg
ashillingsburg@vizpainter.com,FALSE,8/18/2022,9/3/2022,Economy,94,DAL-HOU,6,Adam Shillingsburg
ashillingsburg@vizpainter.com,FALSE,8/19/2022,9/3/2022,Economy,90,DAL-AUS,6,Adam Shillingsburg
abixby@vizpainter.com,TRUE,11/5/2022,12/24/2022,Economy,149,DAL-OKC,10,Aimee Bixby
abixby@vizpainter.com,FALSE,11/27/2022,12/24/2022,Economy,79,DAL-HOU,10,Aimee Bixby
ahaines@vizpainter.com,TRUE,8/1/2022,9/26/2022,Business,68,DAL-SEA,13,Alan Haines
ahaines@vizpainter.com,FALSE,8/6/2022,9/26/2022,Economy,95,DAL-HOU,13,Alan Haines
ahaines@vizpainter.com,FALSE,10/19/2022,11/27/2022,Economy,154,DAL-HOU,13,Alan Haines
aballentine@vizpainter.com,FALSE,4/3/2022,5/10/2022,Economy,143,DAL-LGA,17,Alejandro Ballentine
aballentine@vizpainter.com,TRUE,4/3/2022,5/10/2022,Economy,137,DAL-HOU,17,Alejandro Ballentine
aballentine@vizpainter.com,TRUE,3/17/2022,5/27/2022,Economy,123,DAL-AMA,17,Alejandro Ballentine
aballentine@vizpainter.com,FALSE,2/5/2022,5/27/2022,Economy,113,DAL-GRR,17,Alejandro Ballentine
aballentine@vizpainter.com,TRUE,4/28/2022,5/27/2022,Business,142,DAL-PHX,17,Alejandro Ballentine
aballentine@vizpainter.com,FALSE,4/20/2022,5/27/2022,First Class,245,DAL-LGA,17,Alejandro Ballentine
aballentine@vizpainter.com,TRUE,4/16/2022,5/27/2022,Business,129,DAL-PHX,17,Alejandro Ballentine
aballentine@vizpainter.com,TRUE,4/23/2022,5/27/2022,Economy,153,DAL-SLC,17,Alejandro Ballentine
agrove@vizpainter.com,FALSE,9/23/2022,11/12/2022,Business,90,DAL-MDW,18,Alejandro Grove
agrove@vizpainter.com,FALSE,10/15/2022,11/12/2022,Economy,125,DAL-CLE,18,Alejandro Grove
agannaway@vizpainter.com,TRUE,9/25/2022,12/6/2022,Economy,133,DAL-ELP,20,Aleksandra Gannaway
agrayson@vizpainter.com,TRUE,8/21/2022,11/22/2022,Economy,137,DAL-HOU,22,Alex Grayson
agrayson@vizpainter.com,FALSE,10/3/2022,11/22/2022,Economy,145,DAL-AUS,22,Alex Grayson
agrayson@vizpainter.com,FALSE,10/18/2022,12/6/2022,Business,126,DAL-ATL,22,Alex Grayson
agrayson@vizpainter.com,FALSE,10/24/2022,11/22/2022,Economy,85,DAL-HOU,22,Alex Grayson
aarmold@vizpainter.com,FALSE,8/23/2022,9/10/2022,Business,141,DAL-LGA,25,Allen Armold
aarmold@vizpainter.com,FALSE,6/29/2022,9/10/2022,Economy,73,DAL-ELP,25,Allen Armold
aarmold@vizpainter.com,FALSE,5/27/2022,9/10/2022,Economy,119,DAL-MDW,25,Allen Armold
aarmold@vizpainter.com,FALSE,7/13/2022,9/10/2022,Economy,133,DAL-MDW,25,Allen Armold
arosenblatt@vizpainter.com,FALSE,2/23/2022,5/18/2022,Economy,121,DAL-OKC,27,Allen Rosenblatt
arosenblatt@vizpainter.com,FALSE,3/19/2022,5/18/2022,Economy,62,DAL-CLE,27,Allen Rosenblatt
arosenblatt@vizpainter.com,FALSE,5/6/2022,5/18/2022,Economy,60,DAL-SEA,27,Allen Rosenblatt
acrouse,FALSE,1/31/2022,3/25/2022,Economy,99,DAL-OKC,28,Alyssa Crouse
ahunt@vizpainter.com,FALSE,12/7/2022,12/19/2022,Economy,75,DAL-CLE,31,Amy Hunt
ahunt@vizpainter.com,TRUE,11/16/2022,12/19/2022,Economy,117,DAL-HOU,31,Amy Hunt
ahunt@vizpainter.com,FALSE,11/30/2022,12/19/2022,Economy,159,DAL-GRR,31,Amy Hunt
aallen@vizpainter.com,FALSE,2/9/2022,2/27/2022,Economy,142,DAL-AUS,32,Andrew Allen
agerbode@vizpainter.com,FALSE,9/16/2022,11/18/2022,Business,154,DAL-PHX,35,Andy Gerbode
ayotov@vizpainter.com,TRUE,11/9/2022,12/2/2022,Economy,79,DAL-HOU,37,Andy Yotov
achong@vizpainter.com,FALSE,7/4/2022,7/21/2022,Economy,117,DAL-AUS,41,Ann Chong
achong@vizpainter.com,TRUE,6/19/2022,7/21/2022,Economy,124,DAL-MDW,41,Ann Chong
asteele@vizpainter.com,FALSE,8/22/2022,9/23/2022,Economy,84,DAL-MDW,42,Ann Steele
asteele@vizpainter.com,FALSE,9/3/2022,9/23/2022,Economy,66,DAL-LAS,42,Ann Steele
asteele@vizpainter.com,FALSE,8/30/2022,9/23/2022,Economy,157,DAL-AUS,42,Ann Steele
aandreadi@vizpainter.com,FALSE,8/27/2022,9/22/2022,Economy,159,DAL-OKC,43,Anna Andreadi
achung@vizpainter.com,FALSE,10/27/2022,12/17/2022,Economy,97,DAL-AUS,44,Anna Chung
achung@vizpainter.com,FALSE,11/24/2022,12/17/2022,Economy,125,DAL-HOU,44,Anna Chung
achung@vizpainter.com,FALSE,11/17/2022,12/17/2022,Economy,80,DAL-LGA,44,Anna Chung
achung@vizpainter.com,FALSE,11/28/2022,12/17/2022,Economy,89,DAL-GRR,44,Anna Chung
achung@vizpainter.com,TRUE,11/25/2022,12/17/2022,Economy,125,DAL-GRR,44,Anna Chung
ahäberlin@vizpainter.com,FALSE,11/30/2022,12/31/2022,Economy,140,DAL-LGA,46,Anna Häberlin
apryor@vizpainter.com,FALSE,11/18/2022,12/15/2022,Economy,114,DAL-PHX,48,Anne Pryor
apryor@vizpainter.com,FALSE,11/30/2022,12/15/2022,Economy,145,DAL-OKC,48,Anne Pryor
apryor@vizpainter.com,FALSE,11/23/2022,12/15/2022,Economy,76,DAL-LGA,48,Anne Pryor
agarverick@vizpainter.com,FALSE,10/6/2022,11/19/2022,Economy,137,DAL-OKC,51,Anthony Garverick
ajohnson@vizpainter.com,FALSE,4/10/2022,6/29/2022,Economy,105,DAL-GRR,53,Anthony Johnson
ao'donnell@vizpainter.com,FALSE,10/28/2022,11/7/2022,Economy,157,DAL-OKC,54,Anthony O'Donnell
ao'donnell@vizpainter.com,FALSE,9/21/2022,10/28/2022,Business,116,DAL-HOU,54,Anthony O'Donnell
ao'donnell@vizpainter.com,FALSE,8/19/2022,10/28/2022,Economy,135,DAL-AUS,54,Anthony O'Donnell
awitt@vizpainter.com,FALSE,11/2/2022,12/1/2022,Economy,77,DAL-OKC,56,Anthony Witt
awitt@vizpainter.com,TRUE,10/31/2022,12/1/2022,Business,147,DAL-PHX,56,Anthony Witt
airving@vizpainter.com,FALSE,8/31/2022,9/13/2022,First Class,256,DAL-HOU,57,Arianne Irving
afoster@vizpainter.com,FALSE,10/31/2022,11/23/2022,Economy,107,DAL-MDW,59,Art Foster
awiediger@vizpainter.com,TRUE,3/22/2022,4/8/2022,Economy,114,DAL-GRR,62,Arthur Wiediger
awiediger@vizpainter.com,FALSE,3/9/2022,4/8/2022,First Class,268,DAL-ELP,62,Arthur Wiediger
ajarboe@vizpainter.com,FALSE,10/1/2022,11/16/2022,Economy,70,DAL-LAS,63,Ashley Jarboe
ajarboe@vizpainter.com,FALSE,8/20/2022,11/16/2022,Economy,133,DAL-LGA,63,Ashley Jarboe
ajones@vizpainter.com,FALSE,4/19/2022,8/16/2022,Economy,102,DAL-LAS,64,Astrea Jones
bfisher@vizpainter.com,FALSE,10/25/2022,11/6/2022,Economy,68,DAL-LAS,65,Barbara Fisher
bfranzösisch@vizpainter.com,FALSE,12/23/2021,1/2/2022,First Class,304,DAL-ELP,68,Barry Französisch
bweirich@vizpainter.com,FALSE,12/30/2021,2/27/2022,Economy,98,DAL-AMA,71,Barry Weirich
bfolk@vizpainter.com,FALSE,9/17/2022,11/16/2022,Economy,146,DAL-LGA,72,Bart Folk
bfolk@vizpainter.com,FALSE,10/2/2022,11/16/2022,Economy,127,DAL-MDW,72,Bart Folk
bcastell@vizpainter.com,FALSE,8/3/2022,9/10/2022,Economy,145,DAL-ATL,75,Becky Castell
bcastell@vizpainter.com,FALSE,4/17/2022,5/10/2022,Economy,76,DAL-OKC,75,Becky Castell
bcastell@vizpainter.com,FALSE,2/25/2022,5/10/2022,Economy,156,DAL-AUS,75,Becky Castell
bcastell@vizpainter.com,FALSE,3/30/2022,5/10/2022,First Class,252,DAL-ELP,75,Becky Castell
bmartin@vizpainter.com,TRUE,11/18/2022,11/24/2022,Economy,74,DAL-AUS,76,Becky Martin
bmartin@vizpainter.com,TRUE,8/18/2022,11/24/2022,Economy,72,DAL-AUS,76,Becky Martin
bmartin@vizpainter.com,FALSE,11/18/2022,11/24/2022,Economy,91,DAL-HOU,76,Becky Martin
bpak@vizpainter.com,FALSE,3/30/2022,5/9/2022,Business,100,DAL-MDW,77,Becky Pak
bpak@vizpainter.com,FALSE,4/21/2022,5/9/2022,Economy,96,DAL-PHX,77,Becky Pak
bwallace@vizpainter.com,FALSE,3/23/2022,4/21/2022,Economy,74,DAL-OKC,80,Ben Wallace
bwallace@vizpainter.com,TRUE,2/18/2022,4/21/2022,Business,162,DAL-PHX,80,Ben Wallace
bpatterson@vizpainter.com,FALSE,5/5/2022,5/31/2022,Economy,137,DAL-SFO,82,Benjamin Patterson
bvenier@vizpainter.com,FALSE,8/4/2022,9/8/2022,Economy,96,DAL-MDW,83,Benjamin Venier
bkampe@vizpainter.com,TRUE,2/25/2022,3/8/2022,First Class,300,DAL-PHX,84,Berenike Kampe
bkampe@vizpainter.com,FALSE,2/22/2022,3/8/2022,Business,163,DAL-AUS,84,Berenike Kampe
bkampe@vizpainter.com,FALSE,2/26/2022,3/8/2022,Economy,128,DAL-HOU,84,Berenike Kampe
bfritzler@vizpainter.com,FALSE,9/17/2022,11/16/2022,Economy,148,DAL-OKC,85,Beth Fritzler
bpaige@vizpainter.com,FALSE,11/15/2022,12/5/2022,Economy,91,DAL-MDW,86,Beth Paige
bpaige@vizpainter.com,FALSE,10/23/2022,12/5/2022,First Class,219,DAL-AUS,86,Beth Paige
bpaige@vizpainter.com,FALSE,11/16/2022,12/5/2022,Economy,68,DAL-HOU,86,Beth Paige
bpaige@vizpainter.com,FALSE,11/3/2022,12/5/2022,Economy,83,DAL-LGA,86,Beth Paige
bpaige@vizpainter.com,FALSE,11/10/2022,12/5/2022,Economy,71,DAL-OKC,86,Beth Paige
bpaige@vizpainter.com,FALSE,11/18/2022,12/5/2022,Economy,151,DAL-MDW,86,Beth Paige
beplett@vizpainter.com,FALSE,4/26/2022,7/16/2022,Economy,110,DAL-PHX,89,Bill Eplett
jbraxton@vizpainter.com,FALSE,9/11/2022,11/26/2022,Economy,155,DAL-LAS,359,Jennifer Braxton
jferguson@vizpainter.com,FALSE,8/27/2022,9/10/2022,First Class,305,DAL-MDW,360,Jennifer Ferguson
jlonsdale@vizpainter.com,FALSE,9/7/2022,10/3/2022,Economy,127,DAL-ATL,366,Jeremy Lonsdale
jlonsdale@vizpainter.com,FALSE,9/19/2022,10/3/2022,Economy,97,DAL-HOU,366,Jeremy Lonsdale
jlonsdale@vizpainter.com,FALSE,9/5/2022,10/3/2022,Economy,143,DAL-LGA,366,Jeremy Lonsdale
jlonsdale@vizpainter.com,FALSE,4/18/2022,5/20/2022,Business,85,DAL-PHX,366,Jeremy Lonsdale
jmyrick@vizpainter.com,TRUE,12/5/2022,12/20/2022,Economy,129,DAL-MDW,368,Jessica Myrick
bshonely@vizpainter.com,FALSE,5/1/2022,5/24/2022,Economy,76,DAL-MDW,91,Bill Shonely
bshonely@vizpainter.com,FALSE,3/11/2022,5/24/2022,First Class,249,DAL-HOU,91,Bill Shonely
bshonely@vizpainter.com,FALSE,3/24/2022,5/24/2022,Economy,148,DAL-OKC,91,Bill Shonely
bshonely@vizpainter.com,FALSE,5/12/2022,5/24/2022,Economy,77,DAL-GRR,91,Bill Shonely
bshonely@vizpainter.com,FALSE,3/18/2022,5/24/2022,Business,158,DAL-OKC,91,Bill Shonely
bstewart@vizpainter.com,FALSE,4/25/2022,5/5/2022,Economy,70,DAL-LAS,92,Bill Stewart
belias@vizpainter.com,FALSE,9/30/2022,11/1/2022,Economy,141,DAL-HOU,94,Bobby Elias
belias@vizpainter.com,FALSE,10/14/2022,11/1/2022,Economy,68,DAL-GRR,94,Bobby Elias
btrafton@vizpainter.com,FALSE,11/8/2022,12/23/2022,Economy,120,DAL-ELP,96,Bobby Trafton
bnguyen@vizpainter.com,FALSE,8/28/2022,9/22/2022,Economy,65,DAL-ATL,101,Bradley Nguyen
bsweed@vizpainter.com,TRUE,3/20/2022,5/23/2022,Economy,145,DAL-HOU,106,Brendan Sweed
bdahlen@vizpainter.com,FALSE,3/2/2022,3/21/2022,Economy,113,DAL-ELP,107,Brian Dahlen
bstugart@vizpainter.com,TRUE,11/29/2022,12/24/2022,Economy,74,DAL-AUS,111,Brian Stugart
bgeld@vizpainter.com,FALSE,4/8/2022,8/15/2022,Business,139,DAL-GRR,116,Bruce Geld
bgeld@vizpainter.com,TRUE,5/29/2022,8/15/2022,Economy,141,DAL-HOU,116,Bruce Geld
bgeld@vizpainter.com,FALSE,6/29/2022,8/15/2022,Business,186,DAL-SLC,116,Bruce Geld
bstewart@vizpainter.com,FALSE,1/6/2022,2/7/2022,Economy,86,DAL-SEA,117,Bruce Stewart
bstewart@vizpainter.com,FALSE,1/17/2022,2/7/2022,Economy,138,DAL-LGA,117,Bruce Stewart
cmcmahon@vizpainter.com,FALSE,7/12/2022,7/27/2022,Economy,62,DAL-SFO,121,Candace McMahon
csayre@vizpainter.com,FALSE,9/3/2022,11/11/2022,Economy,95,DAL-OKC,122,Cari Sayre
cschnelling@vizpainter.com,TRUE,7/19/2022,9/30/2022,First Class,245,DAL-ATL,123,Cari Schnelling
cjackson@vizpainter.com,FALSE,8/11/2022,8/29/2022,Economy,63,DAL-AUS,124,Carl Jackson
cludwig@vizpainter.com,FALSE,6/8/2022,7/14/2022,Economy,63,DAL-PHX,125,Carl Ludwig
cludwig@vizpainter.com,FALSE,8/19/2022,10/2/2022,Business,154,DAL-PHX,125,Carl Ludwig
cludwig@vizpainter.com,TRUE,5/4/2022,7/14/2022,Economy,121,DAL-HOU,125,Carl Ludwig
cludwig@vizpainter.com,TRUE,9/12/2022,10/2/2022,Economy,126,DAL-OKC,125,Carl Ludwig
cweiss@vizpainter.com,FALSE,3/11/2022,7/9/2022,Economy,152,DAL-SFO,126,Carl Weiss
cweiss@vizpainter.com,FALSE,5/14/2022,7/9/2022,Business,149,DAL-AUS,126,Carl Weiss
cweiss@vizpainter.com,FALSE,5/8/2022,7/9/2022,Economy,108,DAL-LAS,126,Carl Weiss
cweiss@vizpainter.com,FALSE,5/27/2022,8/17/2022,Economy,63,DAL-LAS,126,Carl Weiss
cdaly@vizpainter.com,FALSE,10/22/2022,11/17/2022,Economy,147,DAL-AUS,127,Carlos Daly
cdaly@vizpainter.com,FALSE,12/21/2021,1/21/2022,Economy,147,DAL-LGA,127,Carlos Daly
cdaly@vizpainter.com,FALSE,1/6/2022,1/21/2022,Business,138,DAL-OKC,127,Carlos Daly
cdaly@vizpainter.com,FALSE,12/29/2021,1/21/2022,Business,176,DAL-LGA,127,Carlos Daly
cmeador,FALSE,4/18/2022,5/2/2022,Economy,151,DAL-HOU,128,Carlos Meador
cmeador,FALSE,3/19/2022,5/2/2022,Economy,71,DAL-MDW,128,Carlos Meador
cadams@vizpainter.com,FALSE,6/19/2022,7/22/2022,Economy,68,DAL-HOU,130,Carol Adams
cdarley@vizpainter.com,FALSE,11/6/2022,11/29/2022,Economy,84,DAL-PHX,131,Carol Darley
cbrandow@vizpainter.com,TRUE,8/10/2022,11/29/2022,Economy,103,DAL-AUS,134,Cassandra Brandow
carmstrong@vizpainter.com,FALSE,10/3/2022,10/21/2022,Business,163,DAL-PHX,136,Cathy Armstrong
carmstrong@vizpainter.com,FALSE,6/18/2022,10/21/2022,Economy,86,DAL-GRR,136,Cathy Armstrong
carmstrong@vizpainter.com,FALSE,9/26/2022,10/21/2022,Business,107,DAL-SEA,136,Cathy Armstrong
carmstrong@vizpainter.com,FALSE,9/10/2022,10/21/2022,Economy,93,DAL-AUS,136,Cathy Armstrong
carmstrong@vizpainter.com,FALSE,9/14/2022,10/21/2022,Economy,61,DAL-HOU,136,Cathy Armstrong
carmstrong@vizpainter.com,FALSE,8/17/2022,10/21/2022,First Class,247,DAL-SEA,136,Cathy Armstrong
chwang@vizpainter.com,FALSE,10/5/2022,11/11/2022,Economy,61,DAL-LAS,137,Cathy Hwang
chwang@vizpainter.com,FALSE,11/2/2022,11/11/2022,Economy,153,DAL-ELP,137,Cathy Hwang
cprescott@vizpainter.com,FALSE,1/31/2022,2/11/2022,Business,172,DAL-PHX,138,Cathy Prescott
cmcguire@vizpainter.com,FALSE,5/5/2022,7/27/2022,Economy,68,DAL-OKC,140,Chad McGuire
cmcguire@vizpainter.com,TRUE,7/14/2022,7/27/2022,Economy,105,DAL-ATL,140,Chad McGuire
x,FALSE,10/21/2022,11/26/2022,Economy,132,DAL-LAS,141,Chad Sievert
x,FALSE,9/26/2022,11/26/2022,Economy,75,DAL-TUL,141,Chad Sievert
x,FALSE,10/11/2022,11/26/2022,Business,109,DAL-OKC,141,Chad Sievert
cmccrossin@vizpainter.com,TRUE,3/7/2022,4/14/2022,Economy,136,DAL-OKC,143,Charles McCrossin
cmccrossin@vizpainter.com,FALSE,1/1/2022,3/16/2022,Economy,124,DAL-AMA,143,Charles McCrossin
csheldon@vizpainter.com,FALSE,9/25/2022,11/17/2022,Economy,71,DAL-MDW,144,Charles Sheldon
csheldon@vizpainter.com,FALSE,9/22/2022,11/17/2022,Economy,148,DAL-MDW,144,Charles Sheldon
csheldon@vizpainter.com,FALSE,10/29/2022,11/17/2022,Economy,85,DAL-MDW,144,Charles Sheldon
csheldon@vizpainter.com,FALSE,10/27/2022,11/17/2022,Economy,68,DAL-ATL,144,Charles Sheldon
ckastensmidt@vizpainter.com,FALSE,3/2/2022,5/8/2022,Business,134,DAL-LGA,146,Chloris Kastensmidt
ckastensmidt@vizpainter.com,TRUE,2/15/2022,5/8/2022,Economy,101,DAL-AUS,146,Chloris Kastensmidt
ckastensmidt@vizpainter.com,FALSE,4/4/2022,5/8/2022,Economy,91,DAL-AUS,146,Chloris Kastensmidt
ckastensmidt@vizpainter.com,TRUE,4/27/2022,5/8/2022,Economy,67,DAL-MDW,146,Chloris Kastensmidt
ckastensmidt@vizpainter.com,FALSE,4/25/2022,5/8/2022,Economy,78,DAL-MDW,146,Chloris Kastensmidt
cmcafee@vizpainter.com,TRUE,1/5/2022,1/28/2022,Economy,83,DAL-ELP,148,Chris McAfee
cmcafee@vizpainter.com,FALSE,1/4/2022,1/28/2022,Economy,148,DAL-OKC,148,Chris McAfee
cmcafee@vizpainter.com,FALSE,1/5/2022,1/28/2022,Economy,153,DAL-GRR,148,Chris McAfee
canderson@vizpainter.com,TRUE,8/22/2022,10/22/2022,Economy,159,DAL-LGA,150,Christina Anderson
canderson@vizpainter.com,FALSE,11/28/2022,12/21/2022,Economy,149,DAL-SLC,150,Christina Anderson
cphan@vizpainter.com,TRUE,7/10/2022,8/13/2022,Economy,101,DAL-ELP,155,Christine Phan
cconant@vizpainter.com,FALSE,6/14/2022,7/3/2022,Economy,71,DAL-MDW,157,Christopher Conant
cschild@vizpainter.com,FALSE,5/5/2022,5/22/2022,First Class,241,DAL-AUS,159,Christopher Schild
cclark@vizpainter.com,FALSE,7/17/2022,8/28/2022,Economy,121,DAL-HOU,161,Chuck Clark
cclark@vizpainter.com,FALSE,6/16/2022,8/28/2022,Economy,98,DAL-AMA,161,Chuck Clark
cclark@vizpainter.com,FALSE,7/19/2022,8/28/2022,Economy,130,DAL-GRR,161,Chuck Clark
cschnelling@vizpainter.com,FALSE,8/13/2022,9/9/2022,First Class,228,DAL-HOU,165,Cindy Schnelling
cstewart@vizpainter.com,FALSE,6/17/2022,9/2/2022,Business,87,DAL-AUS,166,Cindy Stewart
cstewart@vizpainter.com,TRUE,7/1/2022,9/2/2022,Economy,140,DAL-PHX,166,Cindy Stewart
cgute@vizpainter.com,FALSE,8/25/2022,9/30/2022,Economy,92,DAL-AUS,167,Claire Gute
ccheatham@vizpainter.com,FALSE,2/13/2022,3/23/2022,Business,117,DAL-ATL,169,Clay Cheatham
cludtke@vizpainter.com,FALSE,9/1/2022,11/10/2022,Economy,90,DAL-HOU,170,Clay Ludtke
ckelty,FALSE,10/7/2022,11/3/2022,Economy,98,DAL-MDW,172,Clytie Kelty
cmitchell@vizpainter.com,FALSE,7/31/2022,9/3/2022,Economy,113,DAL-AMA,176,Corinna Mitchell
ccarroll@vizpainter.com,FALSE,8/6/2022,8/19/2022,Business,120,DAL-SEA,178,Craig Carroll
ccarroll@vizpainter.com,TRUE,5/21/2022,8/19/2022,Economy,70,DAL-PHX,178,Craig Carroll
cyedwab@vizpainter.com,TRUE,5/18/2022,6/7/2022,First Class,242,DAL-MDW,182,Craig Yedwab
